image_path,steering_angle
straight\20250616_183122_581459.jpg,0.0000
straight\20250616_183122_732112.jpg,0.0000
straight\20250616_183122_899462.jpg,0.0000
straight\20250616_183123_057968.jpg,0.0000
straight\20250616_183123_212814.jpg,0.0000
straight\20250616_183123_383790.jpg,0.0000
straight\20250616_183123_542440.jpg,0.0000
straight\20250616_183123_716316.jpg,0.0000
straight\20250616_183123_875547.jpg,0.0000
straight\20250616_183124_034126.jpg,0.0000
straight\20250616_183124_207567.jpg,0.0000
straight\20250616_183124_370219.jpg,0.0000
straight\20250616_183124_545563.jpg,0.0000
straight\20250616_183124_696770.jpg,0.0140
straight\20250616_183124_877978.jpg,0.0280
straight\20250616_183125_031761.jpg,0.0280
straight\20250616_183125_207552.jpg,0.0280
straight\20250616_183125_363686.jpg,0.0280
straight\20250616_183125_529257.jpg,0.0280
straight\20250616_183125_687719.jpg,0.0280
straight\20250616_183125_857484.jpg,0.0280
straight\20250616_183126_015504.jpg,0.0280
straight\20250616_183126_183461.jpg,0.0280
straight\20250616_183126_349968.jpg,0.0280
straight\20250616_183126_507508.jpg,0.0280
straight\20250616_183126_681999.jpg,0.0280
straight\20250616_183126_838723.jpg,0.0280
straight\20250616_183127_014238.jpg,0.0280
straight\20250616_183127_169451.jpg,0.0280
straight\20250616_183127_346568.jpg,0.0280
straight\20250616_183127_495356.jpg,0.0280
straight\20250616_183127_671667.jpg,0.0280
straight\20250616_183127_828655.jpg,0.0280
straight\20250616_183128_005689.jpg,0.0140
straight\20250616_183128_153431.jpg,0.0120
straight\20250616_183128_332375.jpg,0.0120
straight\20250616_183128_489497.jpg,0.0120
straight\20250616_183128_662700.jpg,-0.0020
straight\20250616_183128_823920.jpg,-0.0080
straight\20250616_183128_995777.jpg,-0.0080
straight\20250616_183129_170305.jpg,-0.0080
straight\20250616_183129_319975.jpg,-0.0080
straight\20250616_183129_495153.jpg,-0.0080
straight\20250616_183129_652066.jpg,-0.0240
straight\20250616_183129_829136.jpg,-0.0260
straight\20250616_183129_980630.jpg,-0.0260
turn_left\20250616_183130_156195.jpg,-0.0320
turn_left\20250616_183130_316151.jpg,-0.0440
turn_left\20250616_183130_478306.jpg,-0.0480
turn_left\20250616_183130_644855.jpg,-0.0660
turn_left\20250616_183130_802269.jpg,-0.0660
turn_left\20250616_183130_971152.jpg,-0.0860
turn_left\20250616_183131_130077.jpg,-0.0860
turn_left\20250616_183131_300166.jpg,-0.0860
turn_left\20250616_183131_457477.jpg,-0.1020
turn_left\20250616_183131_628709.jpg,-0.1060
turn_left\20250616_183131_790749.jpg,-0.1180
turn_left\20250616_183131_976091.jpg,-0.1260
turn_left\20250616_183132_106524.jpg,-0.1260
turn_left\20250616_183132_284183.jpg,-0.1260
turn_left\20250616_183132_433366.jpg,-0.1260
turn_left\20250616_183132_606697.jpg,-0.1260
turn_left\20250616_183132_760754.jpg,-0.1260
turn_left\20250616_183132_939551.jpg,-0.1260
turn_left\20250616_183133_093701.jpg,-0.1260
turn_left\20250616_183133_271219.jpg,-0.1260
turn_left\20250616_183133_421262.jpg,-0.1260
turn_left\20250616_183133_600143.jpg,-0.1260
turn_left\20250616_183133_758379.jpg,-0.1260
turn_left\20250616_183133_924477.jpg,-0.1240
turn_left\20250616_183134_087969.jpg,-0.1100
turn_left\20250616_183134_253085.jpg,-0.1100
turn_left\20250616_183134_421941.jpg,-0.1100
turn_left\20250616_183134_579794.jpg,-0.0920
turn_left\20250616_183134_754708.jpg,-0.0860
turn_left\20250616_183134_913246.jpg,-0.0720
turn_left\20250616_183135_088199.jpg,-0.0680
turn_left\20250616_183135_243570.jpg,-0.0600
turn_left\20250616_183135_419033.jpg,-0.0500
turn_left\20250616_183135_573910.jpg,-0.0360
straight\20250616_183135_749689.jpg,-0.0300
straight\20250616_183135_913942.jpg,-0.0120
straight\20250616_183136_075561.jpg,-0.0120
straight\20250616_183136_237178.jpg,-0.0120
straight\20250616_183136_402182.jpg,-0.0120
straight\20250616_183136_567514.jpg,-0.0120
straight\20250616_183136_729883.jpg,-0.0120
straight\20250616_183136_889603.jpg,-0.0120
straight\20250616_183137_062056.jpg,-0.0120
straight\20250616_183137_244563.jpg,-0.0120
straight\20250616_183137_394453.jpg,-0.0120
straight\20250616_183137_572657.jpg,-0.0120
straight\20250616_183137_728893.jpg,-0.0120
straight\20250616_183137_902667.jpg,-0.0160
straight\20250616_183138_057500.jpg,-0.0280
straight\20250616_183138_236210.jpg,-0.0280
straight\20250616_183138_389143.jpg,-0.0280
straight\20250616_183138_562769.jpg,-0.0280
turn_left\20250616_183138_720970.jpg,-0.0420
turn_left\20250616_183138_890441.jpg,-0.0480
turn_left\20250616_183139_047702.jpg,-0.0640
turn_left\20250616_183139_215607.jpg,-0.0760
turn_left\20250616_183139_379967.jpg,-0.0800
turn_left\20250616_183139_547001.jpg,-0.0800
turn_left\20250616_183139_720174.jpg,-0.0960
turn_left\20250616_183139_876991.jpg,-0.1000
turn_left\20250616_183140_052852.jpg,-0.1000
turn_left\20250616_183140_205507.jpg,-0.1000
turn_left\20250616_183140_379372.jpg,-0.1000
turn_left\20250616_183140_532096.jpg,-0.1000
turn_left\20250616_183140_708101.jpg,-0.1000
turn_left\20250616_183140_858594.jpg,-0.0880
turn_left\20250616_183141_034368.jpg,-0.0840
turn_left\20250616_183141_188547.jpg,-0.0840
turn_left\20250616_183141_360605.jpg,-0.0840
turn_left\20250616_183141_521274.jpg,-0.0840
turn_left\20250616_183141_708126.jpg,-0.0760
turn_left\20250616_183141_860523.jpg,-0.0720
turn_left\20250616_183142_013312.jpg,-0.0720
turn_left\20250616_183142_186844.jpg,-0.0680
turn_left\20250616_183142_341448.jpg,-0.0520
turn_left\20250616_183142_499525.jpg,-0.0520
turn_left\20250616_183142_670391.jpg,-0.0460
turn_left\20250616_183142_844092.jpg,-0.0360
turn_left\20250616_183142_998929.jpg,-0.0360
straight\20250616_183143_179634.jpg,-0.0260
straight\20250616_183143_326669.jpg,-0.0160
straight\20250616_183143_502591.jpg,-0.0160
straight\20250616_183143_659113.jpg,-0.0160
straight\20250616_183143_834378.jpg,-0.0160
straight\20250616_183143_993150.jpg,-0.0160
straight\20250616_183144_165625.jpg,-0.0160
straight\20250616_183144_321411.jpg,-0.0100
straight\20250616_183144_495475.jpg,0.0000
straight\20250616_183144_655479.jpg,0.0000
straight\20250616_183144_825426.jpg,0.0000
straight\20250616_183145_000376.jpg,0.0000
straight\20250616_183145_154759.jpg,0.0000
straight\20250616_183145_332256.jpg,0.0000
straight\20250616_183145_483363.jpg,0.0000
straight\20250616_183145_661071.jpg,0.0000
straight\20250616_183145_813763.jpg,0.0000
straight\20250616_183145_990354.jpg,0.0000
straight\20250616_183146_140981.jpg,0.0000
straight\20250616_183146_314647.jpg,0.0000
straight\20250616_183146_473624.jpg,0.0140
straight\20250616_183146_647114.jpg,0.0140
straight\20250616_183146_802731.jpg,0.0140
straight\20250616_183146_978806.jpg,0.0140
straight\20250616_183147_155443.jpg,0.0140
straight\20250616_183147_307886.jpg,0.0140
straight\20250616_183147_488959.jpg,0.0140
straight\20250616_183147_632269.jpg,0.0140
straight\20250616_183147_811778.jpg,0.0140
straight\20250616_183147_957317.jpg,0.0140
straight\20250616_183148_137561.jpg,0.0140
straight\20250616_183148_285325.jpg,0.0140
straight\20250616_183148_462646.jpg,0.0140
straight\20250616_183148_630481.jpg,-0.0020
straight\20250616_183148_796654.jpg,-0.0180
straight\20250616_183148_948479.jpg,-0.0200
straight\20250616_183149_120985.jpg,-0.0200
straight\20250616_183149_284577.jpg,-0.0200
straight\20250616_183149_449509.jpg,-0.0200
straight\20250616_183149_627256.jpg,-0.0200
straight\20250616_183149_779453.jpg,-0.0200
straight\20250616_183149_959311.jpg,-0.0280
straight\20250616_183150_111824.jpg,-0.0300
straight\20250616_183150_284942.jpg,-0.0300
straight\20250616_183150_439922.jpg,-0.0300
straight\20250616_183150_617006.jpg,-0.0300
straight\20250616_183150_765695.jpg,-0.0300
straight\20250616_183150_943976.jpg,-0.0300
straight\20250616_183151_098574.jpg,-0.0300
turn_left\20250616_183151_271745.jpg,-0.0420
turn_left\20250616_183151_427978.jpg,-0.0420
turn_left\20250616_183151_598013.jpg,-0.0420
turn_left\20250616_183151_760567.jpg,-0.0420
turn_left\20250616_183151_923373.jpg,-0.0420
turn_left\20250616_183152_093141.jpg,-0.0420
turn_left\20250616_183152_251608.jpg,-0.0420
turn_left\20250616_183152_415077.jpg,-0.0420
turn_left\20250616_183152_583156.jpg,-0.0420
turn_left\20250616_183152_764590.jpg,-0.0320
straight\20250616_183152_914692.jpg,-0.0280
straight\20250616_183153_088897.jpg,-0.0280
straight\20250616_183153_244827.jpg,-0.0100
straight\20250616_183153_420950.jpg,-0.0040
straight\20250616_183153_572950.jpg,0.0060
straight\20250616_183153_752744.jpg,0.0140
straight\20250616_183153_901564.jpg,0.0240
straight\20250616_183154_076861.jpg,0.0240
turn_right\20250616_183154_240021.jpg,0.0420
turn_right\20250616_183154_410793.jpg,0.0440
turn_right\20250616_183154_566234.jpg,0.0440
turn_right\20250616_183154_748358.jpg,0.0440
turn_right\20250616_183154_923232.jpg,0.0440
turn_right\20250616_183155_075708.jpg,0.0360
straight\20250616_183155_256369.jpg,0.0240
straight\20250616_183155_403334.jpg,0.0160
straight\20250616_183155_580201.jpg,0.0060
straight\20250616_183155_738623.jpg,0.0060
straight\20250616_183155_912428.jpg,0.0020
straight\20250616_183156_069391.jpg,-0.0120
straight\20250616_183156_239957.jpg,-0.0120
straight\20250616_183156_393885.jpg,-0.0120
straight\20250616_183156_582674.jpg,-0.0120
straight\20250616_183156_724464.jpg,-0.0120
straight\20250616_183156_887929.jpg,-0.0280
turn_left\20250616_183157_041561.jpg,-0.0360
turn_left\20250616_183157_214378.jpg,-0.0500
turn_left\20250616_183157_388075.jpg,-0.0600
turn_left\20250616_183157_539214.jpg,-0.0660
turn_left\20250616_183157_717876.jpg,-0.0660
turn_left\20250616_183157_866982.jpg,-0.0660
turn_left\20250616_183158_040238.jpg,-0.0660
turn_left\20250616_183158_194847.jpg,-0.0660
turn_left\20250616_183158_372261.jpg,-0.0720
turn_left\20250616_183158_527397.jpg,-0.0840
turn_left\20250616_183158_697697.jpg,-0.0840
turn_left\20250616_183158_852445.jpg,-0.0840
turn_left\20250616_183159_022242.jpg,-0.0840
turn_left\20250616_183159_180684.jpg,-0.0840
turn_left\20250616_183159_348776.jpg,-0.0840
turn_left\20250616_183159_505828.jpg,-0.0840
turn_left\20250616_183159_676573.jpg,-0.0840
turn_left\20250616_183159_839811.jpg,-0.0840
turn_left\20250616_183200_001482.jpg,-0.0840
turn_left\20250616_183200_165039.jpg,-0.0840
turn_left\20250616_183200_335166.jpg,-0.0840
turn_left\20250616_183200_511259.jpg,-0.0840
turn_left\20250616_183200_661772.jpg,-0.0840
turn_left\20250616_183200_840163.jpg,-0.0840
turn_left\20250616_183200_991050.jpg,-0.0840
turn_left\20250616_183201_170594.jpg,-0.0780
turn_left\20250616_183201_320458.jpg,-0.0660
turn_left\20250616_183201_495392.jpg,-0.0660
turn_left\20250616_183201_646701.jpg,-0.0660
turn_left\20250616_183201_820543.jpg,-0.0660
turn_left\20250616_183201_977086.jpg,-0.0660
turn_left\20250616_183202_145657.jpg,-0.0660
turn_left\20250616_183202_306132.jpg,-0.0660
turn_left\20250616_183202_473905.jpg,-0.0660
turn_left\20250616_183202_638109.jpg,-0.0660
turn_left\20250616_183202_799244.jpg,-0.0660
turn_left\20250616_183202_967642.jpg,-0.0660
turn_left\20250616_183203_131087.jpg,-0.0660
turn_left\20250616_183203_306153.jpg,-0.0660
turn_left\20250616_183203_463293.jpg,-0.0660
turn_left\20250616_183203_638470.jpg,-0.0660
turn_left\20250616_183203_794719.jpg,-0.0660
turn_left\20250616_183203_973473.jpg,-0.0660
turn_left\20250616_183204_122485.jpg,-0.0660
turn_left\20250616_183204_299211.jpg,-0.0500
turn_left\20250616_183204_455340.jpg,-0.0500
turn_left\20250616_183204_633779.jpg,-0.0500
turn_left\20250616_183204_784145.jpg,-0.0500
turn_left\20250616_183204_955620.jpg,-0.0500
turn_left\20250616_183205_112748.jpg,-0.0500
turn_left\20250616_183205_280123.jpg,-0.0500
turn_left\20250616_183205_441361.jpg,-0.0500
turn_left\20250616_183205_614327.jpg,-0.0500
turn_left\20250616_183205_783322.jpg,-0.0500
turn_left\20250616_183205_938747.jpg,-0.0500
turn_left\20250616_183206_115204.jpg,-0.0500
turn_left\20250616_183206_268610.jpg,-0.0500
turn_left\20250616_183206_440427.jpg,-0.0500
turn_left\20250616_183206_592901.jpg,-0.0500
turn_left\20250616_183206_771630.jpg,-0.0560
turn_left\20250616_183206_925066.jpg,-0.0580
turn_left\20250616_183207_089709.jpg,-0.0580
turn_left\20250616_183207_254681.jpg,-0.0580
turn_left\20250616_183207_421194.jpg,-0.0580
turn_left\20250616_183207_585617.jpg,-0.0600
turn_left\20250616_183207_749558.jpg,-0.0660
turn_left\20250616_183207_910982.jpg,-0.0660
turn_left\20250616_183208_080258.jpg,-0.0660
turn_left\20250616_183208_255683.jpg,-0.0660
turn_left\20250616_183208_408921.jpg,-0.0660
turn_left\20250616_183208_588387.jpg,-0.0640
turn_left\20250616_183208_738000.jpg,-0.0460
turn_left\20250616_183208_915943.jpg,-0.0460
turn_left\20250616_183209_070350.jpg,-0.0460
turn_left\20250616_183209_250737.jpg,-0.0360
turn_left\20250616_183209_400176.jpg,-0.0360
turn_left\20250616_183209_575053.jpg,-0.0360
turn_left\20250616_183209_731657.jpg,-0.0360
turn_left\20250616_183209_904325.jpg,-0.0320
straight\20250616_183210_058431.jpg,-0.0180
straight\20250616_183210_236762.jpg,-0.0180
straight\20250616_183210_397407.jpg,-0.0180
straight\20250616_183210_562748.jpg,-0.0180
straight\20250616_183210_726412.jpg,-0.0060
straight\20250616_183210_893039.jpg,-0.0060
straight\20250616_183211_071224.jpg,-0.0060
straight\20250616_183211_222149.jpg,-0.0060
straight\20250616_183211_395557.jpg,-0.0060
straight\20250616_183211_546825.jpg,-0.0060
straight\20250616_183211_725438.jpg,-0.0060
straight\20250616_183211_883269.jpg,-0.0060
straight\20250616_183212_058342.jpg,0.0080
straight\20250616_183212_209252.jpg,0.0080
straight\20250616_183212_386103.jpg,0.0080
straight\20250616_183212_542038.jpg,0.0080
straight\20250616_183212_714114.jpg,0.0080
straight\20250616_183212_869303.jpg,0.0080
straight\20250616_183213_043133.jpg,0.0080
straight\20250616_183213_201205.jpg,0.0080
straight\20250616_183213_374137.jpg,0.0080
straight\20250616_183213_550736.jpg,0.0080
straight\20250616_183213_700946.jpg,0.0080
straight\20250616_183213_877994.jpg,0.0080
straight\20250616_183214_025275.jpg,0.0080
straight\20250616_183214_199715.jpg,0.0080
straight\20250616_183214_354078.jpg,0.0080
straight\20250616_183214_533389.jpg,0.0080
straight\20250616_183214_686161.jpg,0.0080
straight\20250616_183214_861341.jpg,0.0080
straight\20250616_183215_020187.jpg,0.0080
straight\20250616_183215_191774.jpg,0.0080
straight\20250616_183215_346961.jpg,0.0080
straight\20250616_183215_515693.jpg,0.0080
straight\20250616_183215_679572.jpg,0.0080
straight\20250616_183215_847544.jpg,0.0080
straight\20250616_183216_024234.jpg,0.0080
straight\20250616_183216_182085.jpg,0.0120
straight\20250616_183216_360766.jpg,0.0280
straight\20250616_183216_509648.jpg,0.0280
straight\20250616_183216_689559.jpg,0.0280
straight\20250616_183216_847551.jpg,0.0280
straight\20250616_183217_022206.jpg,0.0280
straight\20250616_183217_179511.jpg,0.0280
straight\20250616_183217_353150.jpg,0.0280
straight\20250616_183217_503471.jpg,0.0280
straight\20250616_183217_674269.jpg,0.0280
straight\20250616_183217_839063.jpg,0.0280
straight\20250616_183217_997476.jpg,0.0280
straight\20250616_183218_171706.jpg,0.0280
straight\20250616_183218_319692.jpg,0.0280
straight\20250616_183218_493950.jpg,0.0280
straight\20250616_183218_650998.jpg,0.0120
straight\20250616_183218_826424.jpg,0.0100
straight\20250616_183218_975660.jpg,0.0100
straight\20250616_183219_152373.jpg,0.0000
straight\20250616_183219_306291.jpg,-0.0060
straight\20250616_183219_483997.jpg,-0.0060
straight\20250616_183219_635341.jpg,-0.0220
turn_left\20250616_183219_809874.jpg,-0.0320
turn_left\20250616_183219_966241.jpg,-0.0380
turn_left\20250616_183220_143135.jpg,-0.0540
turn_left\20250616_183220_298215.jpg,-0.0540
turn_left\20250616_183220_470069.jpg,-0.0640
turn_left\20250616_183220_635516.jpg,-0.0660
turn_left\20250616_183220_807488.jpg,-0.0660
turn_left\20250616_183220_980579.jpg,-0.0660
turn_left\20250616_183221_135289.jpg,-0.0660
turn_left\20250616_183221_314104.jpg,-0.0660
turn_left\20250616_183221_460786.jpg,-0.0660
turn_left\20250616_183221_634764.jpg,-0.0660
turn_left\20250616_183221_797064.jpg,-0.0760
turn_left\20250616_183221_966672.jpg,-0.0760
turn_left\20250616_183222_130117.jpg,-0.0760
turn_left\20250616_183222_297159.jpg,-0.0760
turn_left\20250616_183222_459942.jpg,-0.0760
turn_left\20250616_183222_627167.jpg,-0.0760
turn_left\20250616_183222_783544.jpg,-0.0760
turn_left\20250616_183222_952991.jpg,-0.0760
turn_left\20250616_183223_133976.jpg,-0.0760
turn_left\20250616_183223_285451.jpg,-0.0760
turn_left\20250616_183223_461856.jpg,-0.0760
turn_left\20250616_183223_618852.jpg,-0.0760
turn_left\20250616_183223_793129.jpg,-0.0760
turn_left\20250616_183223_948012.jpg,-0.0760
turn_left\20250616_183224_123883.jpg,-0.0760
turn_left\20250616_183224_278133.jpg,-0.0760
turn_left\20250616_183224_446228.jpg,-0.0760
turn_left\20250616_183224_604926.jpg,-0.0760
turn_left\20250616_183224_775189.jpg,-0.0760
turn_left\20250616_183224_933726.jpg,-0.0760
turn_left\20250616_183225_096411.jpg,-0.0760
turn_left\20250616_183225_258827.jpg,-0.0760
turn_left\20250616_183225_424556.jpg,-0.0760
turn_left\20250616_183225_588135.jpg,-0.0760
turn_left\20250616_183225_753864.jpg,-0.0760
turn_left\20250616_183225_925648.jpg,-0.0760
turn_left\20250616_183226_084670.jpg,-0.0760
turn_left\20250616_183226_262057.jpg,-0.0620
turn_left\20250616_183226_414488.jpg,-0.0620
turn_left\20250616_183226_586160.jpg,-0.0620
turn_left\20250616_183226_742340.jpg,-0.0620
turn_left\20250616_183226_921303.jpg,-0.0620
turn_left\20250616_183227_077295.jpg,-0.0620
turn_left\20250616_183227_245995.jpg,-0.0620
turn_left\20250616_183227_408418.jpg,-0.0620
turn_left\20250616_183227_573332.jpg,-0.0620
turn_left\20250616_183227_735226.jpg,-0.0620
turn_left\20250616_183227_897272.jpg,-0.0620
turn_left\20250616_183228_064899.jpg,-0.0620
turn_left\20250616_183228_229112.jpg,-0.0620
turn_left\20250616_183228_400879.jpg,-0.0620
turn_left\20250616_183228_558103.jpg,-0.0620
turn_left\20250616_183228_735694.jpg,-0.0620
turn_left\20250616_183228_884332.jpg,-0.0620
turn_left\20250616_183229_060230.jpg,-0.0620
turn_left\20250616_183229_216101.jpg,-0.0620
turn_left\20250616_183229_390783.jpg,-0.0620
turn_left\20250616_183229_548493.jpg,-0.0620
turn_left\20250616_183229_723675.jpg,-0.0620
turn_left\20250616_183229_875663.jpg,-0.0620
turn_left\20250616_183230_048757.jpg,-0.0620
turn_left\20250616_183230_199560.jpg,-0.0620
turn_left\20250616_183230_372172.jpg,-0.0620
turn_left\20250616_183230_532418.jpg,-0.0620
turn_left\20250616_183230_701636.jpg,-0.0620
turn_left\20250616_183230_866437.jpg,-0.0620
turn_left\20250616_183231_030354.jpg,-0.0620
turn_left\20250616_183231_202333.jpg,-0.0620
turn_left\20250616_183231_359163.jpg,-0.0620
turn_left\20250616_183231_535426.jpg,-0.0480
turn_left\20250616_183231_688165.jpg,-0.0480
turn_left\20250616_183231_859381.jpg,-0.0480
turn_left\20250616_183232_018809.jpg,-0.0480
turn_left\20250616_183232_194480.jpg,-0.0480
turn_left\20250616_183232_345441.jpg,-0.0480
turn_left\20250616_183232_521428.jpg,-0.0480
turn_left\20250616_183232_681190.jpg,-0.0480
turn_left\20250616_183232_851551.jpg,-0.0480
turn_left\20250616_183233_011447.jpg,-0.0480
turn_left\20250616_183233_177623.jpg,-0.0480
turn_left\20250616_183233_340559.jpg,-0.0420
turn_left\20250616_183233_509804.jpg,-0.0320
turn_left\20250616_183233_687177.jpg,-0.0320
turn_left\20250616_183233_841375.jpg,-0.0320
turn_left\20250616_183234_020465.jpg,-0.0320
turn_left\20250616_183234_169031.jpg,-0.0320
turn_left\20250616_183234_343720.jpg,-0.0320
straight\20250616_183234_500934.jpg,-0.0180
straight\20250616_183234_676152.jpg,-0.0160
straight\20250616_183234_827513.jpg,-0.0160
straight\20250616_183235_002259.jpg,-0.0160
straight\20250616_183235_158169.jpg,-0.0160
straight\20250616_183235_330689.jpg,-0.0160
straight\20250616_183235_485395.jpg,-0.0160
straight\20250616_183235_657838.jpg,-0.0160
straight\20250616_183235_819550.jpg,-0.0160
straight\20250616_183235_987729.jpg,-0.0160
straight\20250616_183236_153204.jpg,-0.0160
straight\20250616_183236_321358.jpg,-0.0100
straight\20250616_183236_491903.jpg,-0.0020
straight\20250616_183236_651770.jpg,-0.0020
straight\20250616_183236_822804.jpg,-0.0020
straight\20250616_183236_987391.jpg,-0.0020
straight\20250616_183237_145820.jpg,-0.0020
straight\20250616_183237_305448.jpg,-0.0020
straight\20250616_183237_486891.jpg,-0.0020
straight\20250616_183237_636019.jpg,-0.0020
straight\20250616_183237_810917.jpg,-0.0020
straight\20250616_183237_966672.jpg,-0.0020
straight\20250616_183238_144183.jpg,-0.0020
straight\20250616_183238_292596.jpg,-0.0020
straight\20250616_183238_466708.jpg,-0.0020
straight\20250616_183238_624105.jpg,-0.0020
straight\20250616_183238_792221.jpg,-0.0020
straight\20250616_183238_951997.jpg,-0.0020
straight\20250616_183239_128758.jpg,-0.0120
straight\20250616_183239_288408.jpg,-0.0120
straight\20250616_183239_459931.jpg,-0.0120
straight\20250616_183239_632898.jpg,-0.0120
straight\20250616_183239_788279.jpg,-0.0120
straight\20250616_183239_964012.jpg,-0.0120
straight\20250616_183240_115776.jpg,-0.0120
straight\20250616_183240_290668.jpg,-0.0120
straight\20250616_183240_447883.jpg,-0.0120
straight\20250616_183240_621885.jpg,-0.0120
straight\20250616_183240_778730.jpg,-0.0120
straight\20250616_183240_950776.jpg,-0.0020
straight\20250616_183241_104409.jpg,-0.0020
straight\20250616_183241_274622.jpg,-0.0020
straight\20250616_183241_437117.jpg,-0.0020
straight\20250616_183241_601656.jpg,-0.0020
straight\20250616_183241_771041.jpg,-0.0020
straight\20250616_183241_938482.jpg,-0.0020
straight\20250616_183242_098816.jpg,-0.0020
straight\20250616_183242_257039.jpg,-0.0020
straight\20250616_183242_441389.jpg,-0.0020
straight\20250616_183242_599972.jpg,-0.0020
straight\20250616_183242_777396.jpg,-0.0020
straight\20250616_183242_933370.jpg,-0.0020
straight\20250616_183243_108251.jpg,-0.0020
straight\20250616_183243_256389.jpg,-0.0020
straight\20250616_183243_432258.jpg,-0.0020
straight\20250616_183243_592237.jpg,-0.0020
straight\20250616_183243_762460.jpg,-0.0020
straight\20250616_183243_927786.jpg,-0.0020
straight\20250616_183244_093684.jpg,-0.0020
straight\20250616_183244_266684.jpg,-0.0020
straight\20250616_183244_417740.jpg,-0.0020
straight\20250616_183244_598326.jpg,-0.0020
straight\20250616_183244_755065.jpg,-0.0020
straight\20250616_183244_924577.jpg,-0.0020
straight\20250616_183245_080666.jpg,-0.0020
straight\20250616_183245_257772.jpg,-0.0020
straight\20250616_183245_406361.jpg,-0.0020
straight\20250616_183245_579001.jpg,-0.0020
straight\20250616_183245_732525.jpg,-0.0020
straight\20250616_183245_906591.jpg,-0.0020
straight\20250616_183246_059126.jpg,-0.0020
straight\20250616_183246_232955.jpg,-0.0020
straight\20250616_183246_397181.jpg,-0.0020
straight\20250616_183246_554400.jpg,-0.0020
straight\20250616_183246_723212.jpg,-0.0020
straight\20250616_183246_884425.jpg,-0.0100
straight\20250616_183247_057203.jpg,-0.0220
straight\20250616_183247_207395.jpg,-0.0220
straight\20250616_183247_383448.jpg,-0.0220
straight\20250616_183247_537958.jpg,-0.0220
turn_left\20250616_183247_715216.jpg,-0.0340
turn_left\20250616_183247_864775.jpg,-0.0340
turn_left\20250616_183248_041569.jpg,-0.0340
turn_left\20250616_183248_197863.jpg,-0.0340
turn_left\20250616_183248_369002.jpg,-0.0340
turn_left\20250616_183248_522935.jpg,-0.0340
turn_left\20250616_183248_702987.jpg,-0.0500
turn_left\20250616_183248_853798.jpg,-0.0500
turn_left\20250616_183249_031979.jpg,-0.0640
turn_left\20250616_183249_187808.jpg,-0.0640
turn_left\20250616_183249_353853.jpg,-0.0640
turn_left\20250616_183249_519197.jpg,-0.0640
turn_left\20250616_183249_682071.jpg,-0.0640
turn_left\20250616_183249_848721.jpg,-0.0640
turn_left\20250616_183250_016066.jpg,-0.0640
turn_left\20250616_183250_190674.jpg,-0.0640
turn_left\20250616_183250_344664.jpg,-0.0640
turn_left\20250616_183250_521755.jpg,-0.0640
turn_left\20250616_183250_673904.jpg,-0.0640
turn_left\20250616_183250_846840.jpg,-0.0640
turn_left\20250616_183251_000660.jpg,-0.0460
turn_left\20250616_183251_174628.jpg,-0.0440
turn_left\20250616_183251_325694.jpg,-0.0440
turn_left\20250616_183251_500393.jpg,-0.0440
turn_left\20250616_183251_654102.jpg,-0.0440
turn_left\20250616_183251_830481.jpg,-0.0440
turn_left\20250616_183251_981188.jpg,-0.0440
turn_left\20250616_183252_153745.jpg,-0.0440
turn_left\20250616_183252_312884.jpg,-0.0440
turn_left\20250616_183252_480292.jpg,-0.0440
turn_left\20250616_183252_644250.jpg,-0.0440
turn_left\20250616_183252_805761.jpg,-0.0440
turn_left\20250616_183252_968473.jpg,-0.0440
turn_left\20250616_183253_135219.jpg,-0.0440
turn_left\20250616_183253_305965.jpg,-0.0440
turn_left\20250616_183253_464471.jpg,-0.0440
turn_left\20250616_183253_637333.jpg,-0.0440
turn_left\20250616_183253_790185.jpg,-0.0440
turn_left\20250616_183253_968064.jpg,-0.0480
turn_left\20250616_183254_124269.jpg,-0.0600
turn_left\20250616_183254_299022.jpg,-0.0600
turn_left\20250616_183254_455157.jpg,-0.0600
turn_left\20250616_183254_621690.jpg,-0.0600
turn_left\20250616_183254_784435.jpg,-0.0600
turn_left\20250616_183254_950449.jpg,-0.0700
turn_left\20250616_183255_106606.jpg,-0.0840
turn_left\20250616_183255_273634.jpg,-0.0840
turn_left\20250616_183255_438224.jpg,-0.0840
turn_left\20250616_183255_601174.jpg,-0.0840
turn_left\20250616_183255_769795.jpg,-0.0940
turn_left\20250616_183255_932477.jpg,-0.0960
turn_left\20250616_183256_098003.jpg,-0.0960
turn_left\20250616_183256_258767.jpg,-0.1080
turn_left\20250616_183256_433680.jpg,-0.1140
turn_left\20250616_183256_589980.jpg,-0.1140
turn_left\20250616_183256_755437.jpg,-0.1140
turn_left\20250616_183256_902816.jpg,-0.1140
turn_left\20250616_183257_079342.jpg,-0.1140
turn_left\20250616_183257_231511.jpg,-0.1140
turn_left\20250616_183257_405847.jpg,-0.1140
turn_left\20250616_183257_562889.jpg,-0.1140
turn_left\20250616_183257_736164.jpg,-0.1140
turn_left\20250616_183257_894520.jpg,-0.1140
turn_left\20250616_183258_057533.jpg,-0.1140
turn_left\20250616_183258_213816.jpg,-0.1140
turn_left\20250616_183258_384504.jpg,-0.1140
turn_left\20250616_183258_559226.jpg,-0.1140
turn_left\20250616_183258_726522.jpg,-0.1000
turn_left\20250616_183258_887941.jpg,-0.0980
turn_left\20250616_183259_042172.jpg,-0.0980
turn_left\20250616_183259_219835.jpg,-0.0980
turn_left\20250616_183259_368743.jpg,-0.0820
turn_left\20250616_183259_556261.jpg,-0.0680
turn_left\20250616_183259_700127.jpg,-0.0660
turn_left\20250616_183259_872525.jpg,-0.0660
turn_left\20250616_183300_026291.jpg,-0.0520
turn_left\20250616_183300_200672.jpg,-0.0500
turn_left\20250616_183300_356140.jpg,-0.0500
turn_left\20250616_183300_526305.jpg,-0.0500
turn_left\20250616_183300_681520.jpg,-0.0500
turn_left\20250616_183300_850611.jpg,-0.0500
turn_left\20250616_183301_014987.jpg,-0.0500
turn_left\20250616_183301_185348.jpg,-0.0500
turn_left\20250616_183301_360492.jpg,-0.0340
turn_left\20250616_183301_515196.jpg,-0.0340
turn_left\20250616_183301_691099.jpg,-0.0340
turn_left\20250616_183301_838414.jpg,-0.0340
straight\20250616_183302_016385.jpg,-0.0180
straight\20250616_183302_170142.jpg,-0.0180
straight\20250616_183302_343189.jpg,-0.0180
straight\20250616_183302_496956.jpg,-0.0180
straight\20250616_183302_676815.jpg,0.0000
straight\20250616_183302_833404.jpg,0.0000
straight\20250616_183303_007376.jpg,0.0140
straight\20250616_183303_167677.jpg,0.0160
straight\20250616_183303_335030.jpg,0.0160
straight\20250616_183303_512764.jpg,0.0160
straight\20250616_183303_667766.jpg,0.0160
straight\20250616_183303_846663.jpg,0.0160
straight\20250616_183303_993156.jpg,0.0160
straight\20250616_183304_164880.jpg,0.0160
straight\20250616_183304_319542.jpg,0.0160
straight\20250616_183304_497563.jpg,0.0160
straight\20250616_183304_646626.jpg,0.0160
straight\20250616_183304_823120.jpg,0.0160
straight\20250616_183304_980663.jpg,0.0160
straight\20250616_183305_152427.jpg,0.0160
straight\20250616_183305_315509.jpg,0.0160
straight\20250616_183305_478706.jpg,0.0000
straight\20250616_183305_646637.jpg,-0.0020
straight\20250616_183305_807198.jpg,-0.0020
straight\20250616_183305_974779.jpg,-0.0020
straight\20250616_183306_142397.jpg,0.0080
straight\20250616_183306_315650.jpg,0.0100
straight\20250616_183306_451193.jpg,0.0140
straight\20250616_183306_629912.jpg,0.0280
turn_right\20250616_183306_787043.jpg,0.0420
turn_right\20250616_183306_962056.jpg,0.0460
turn_right\20250616_183307_112190.jpg,0.0460
turn_right\20250616_183307_291816.jpg,0.0560
turn_right\20250616_183307_447680.jpg,0.0660
turn_right\20250616_183307_619178.jpg,0.0660
turn_right\20250616_183307_780520.jpg,0.0660
turn_right\20250616_183307_946604.jpg,0.0660
turn_right\20250616_183308_110428.jpg,0.0660
turn_right\20250616_183308_281234.jpg,0.0660
turn_right\20250616_183308_455849.jpg,0.0660
turn_right\20250616_183308_612862.jpg,0.0660
turn_right\20250616_183308_788484.jpg,0.0660
turn_right\20250616_183308_940410.jpg,0.0660
turn_right\20250616_183309_116364.jpg,0.0560
turn_right\20250616_183309_288772.jpg,0.0500
turn_right\20250616_183309_436288.jpg,0.0460
turn_right\20250616_183309_600615.jpg,0.0340
straight\20250616_183309_768999.jpg,0.0260
straight\20250616_183309_924314.jpg,0.0140
straight\20250616_183310_094898.jpg,0.0020
straight\20250616_183310_254921.jpg,-0.0060
straight\20250616_183310_423916.jpg,-0.0160
straight\20250616_183310_580094.jpg,-0.0280
straight\20250616_183310_746947.jpg,-0.0280
straight\20250616_183310_914960.jpg,-0.0180
straight\20250616_183311_075049.jpg,-0.0140
straight\20250616_183311_250325.jpg,0.0040
straight\20250616_183311_406102.jpg,0.0060
straight\20250616_183311_580343.jpg,0.0060
straight\20250616_183311_732633.jpg,0.0060
straight\20250616_183311_913990.jpg,-0.0060
straight\20250616_183312_067946.jpg,-0.0060
straight\20250616_183312_243411.jpg,-0.0060
straight\20250616_183312_402850.jpg,-0.0060
straight\20250616_183312_570696.jpg,-0.0120
straight\20250616_183312_732174.jpg,-0.0220
turn_left\20250616_183312_900839.jpg,-0.0340
turn_left\20250616_183313_052833.jpg,-0.0380
turn_left\20250616_183313_226586.jpg,-0.0520
turn_left\20250616_183313_386094.jpg,-0.0560
turn_left\20250616_183313_552676.jpg,-0.0760
turn_left\20250616_183313_711904.jpg,-0.0760
turn_left\20250616_183313_887535.jpg,-0.0760
turn_left\20250616_183314_061085.jpg,-0.0760
turn_left\20250616_183314_215800.jpg,-0.0760
turn_left\20250616_183314_408306.jpg,-0.0680
turn_left\20250616_183314_559463.jpg,-0.0680
turn_left\20250616_183314_738222.jpg,-0.0640
turn_left\20250616_183314_910144.jpg,-0.0480
turn_left\20250616_183315_044716.jpg,-0.0480
turn_left\20250616_183315_211624.jpg,-0.0320
straight\20250616_183315_373066.jpg,-0.0300
straight\20250616_183315_539128.jpg,-0.0300
straight\20250616_183315_699815.jpg,-0.0300
straight\20250616_183315_864985.jpg,-0.0300
straight\20250616_183316_025340.jpg,-0.0300
turn_left\20250616_183316_188849.jpg,-0.0420
turn_left\20250616_183316_360143.jpg,-0.0420
turn_left\20250616_183316_533537.jpg,-0.0520
turn_left\20250616_183316_689182.jpg,-0.0560
turn_left\20250616_183316_865824.jpg,-0.0580
turn_left\20250616_183317_034657.jpg,-0.0680
turn_left\20250616_183317_193054.jpg,-0.0680
turn_left\20250616_183317_354380.jpg,-0.0860
turn_left\20250616_183317_531260.jpg,-0.0860
turn_left\20250616_183317_682836.jpg,-0.0860
turn_left\20250616_183317_857996.jpg,-0.0860
turn_left\20250616_183318_010801.jpg,-0.0860
turn_left\20250616_183318_185219.jpg,-0.0860
turn_left\20250616_183318_342021.jpg,-0.0860
turn_left\20250616_183318_507651.jpg,-0.0860
turn_left\20250616_183318_672198.jpg,-0.0860
turn_left\20250616_183318_831919.jpg,-0.0860
turn_left\20250616_183319_001189.jpg,-0.0860
turn_left\20250616_183319_158728.jpg,-0.0860
turn_left\20250616_183319_330960.jpg,-0.0760
turn_left\20250616_183319_485180.jpg,-0.0760
turn_left\20250616_183319_659770.jpg,-0.0860
turn_left\20250616_183319_815166.jpg,-0.0920
turn_left\20250616_183319_991830.jpg,-0.1040
turn_left\20250616_183320_141011.jpg,-0.1040
turn_left\20250616_183320_316209.jpg,-0.1040
turn_left\20250616_183320_466469.jpg,-0.1040
turn_left\20250616_183320_650589.jpg,-0.1040
turn_left\20250616_183320_806240.jpg,-0.1040
turn_left\20250616_183320_976736.jpg,-0.1040
turn_left\20250616_183321_136027.jpg,-0.1040
turn_left\20250616_183321_308622.jpg,-0.1040
turn_left\20250616_183321_465241.jpg,-0.1040
turn_left\20250616_183321_634919.jpg,-0.1040
turn_left\20250616_183321_801157.jpg,-0.1040
turn_left\20250616_183321_963682.jpg,-0.1040
turn_left\20250616_183322_136255.jpg,-0.1000
turn_left\20250616_183322_293038.jpg,-0.0900
turn_left\20250616_183322_472308.jpg,-0.0760
turn_left\20250616_183322_625309.jpg,-0.0760
turn_left\20250616_183322_805226.jpg,-0.0700
turn_left\20250616_183322_955583.jpg,-0.0580
turn_left\20250616_183323_134167.jpg,-0.0440
turn_left\20250616_183323_287676.jpg,-0.0440
turn_left\20250616_183323_462512.jpg,-0.0440
turn_left\20250616_183323_613192.jpg,-0.0380
straight\20250616_183323_789384.jpg,-0.0300
straight\20250616_183323_951989.jpg,-0.0220
straight\20250616_183324_120030.jpg,-0.0180
straight\20250616_183324_287472.jpg,-0.0180
straight\20250616_183324_456125.jpg,-0.0180
straight\20250616_183324_632525.jpg,-0.0180
straight\20250616_183324_787208.jpg,-0.0180
straight\20250616_183324_966109.jpg,-0.0180
straight\20250616_183325_116568.jpg,-0.0180
straight\20250616_183325_291018.jpg,-0.0180
straight\20250616_183325_446017.jpg,-0.0180
straight\20250616_183325_621463.jpg,-0.0180
straight\20250616_183325_772556.jpg,-0.0180
straight\20250616_183325_949344.jpg,-0.0180
straight\20250616_183326_105883.jpg,-0.0180
straight\20250616_183326_271679.jpg,-0.0180
straight\20250616_183326_431724.jpg,-0.0180
straight\20250616_183326_596559.jpg,-0.0180
straight\20250616_183326_765057.jpg,-0.0180
straight\20250616_183326_921355.jpg,-0.0180
straight\20250616_183327_096926.jpg,-0.0180
straight\20250616_183327_254375.jpg,-0.0080
straight\20250616_183327_428054.jpg,-0.0020
straight\20250616_183327_583738.jpg,-0.0020
straight\20250616_183327_761167.jpg,-0.0020
straight\20250616_183327_912802.jpg,-0.0020
straight\20250616_183328_089352.jpg,-0.0020
straight\20250616_183328_242244.jpg,-0.0080
straight\20250616_183328_415302.jpg,-0.0140
straight\20250616_183328_572804.jpg,-0.0140
straight\20250616_183328_743239.jpg,-0.0140
straight\20250616_183328_902829.jpg,-0.0140
straight\20250616_183329_066804.jpg,-0.0140
straight\20250616_183329_234845.jpg,-0.0140
straight\20250616_183329_396019.jpg,-0.0140
straight\20250616_183329_568046.jpg,-0.0140
straight\20250616_183329_724498.jpg,-0.0280
straight\20250616_183329_898294.jpg,-0.0280
straight\20250616_183330_051031.jpg,-0.0280
straight\20250616_183330_227827.jpg,-0.0280
straight\20250616_183330_383137.jpg,-0.0280
straight\20250616_183330_559760.jpg,-0.0280
straight\20250616_183330_713530.jpg,-0.0280
straight\20250616_183330_885550.jpg,-0.0280
straight\20250616_183331_041323.jpg,-0.0280
straight\20250616_183331_215088.jpg,-0.0280
straight\20250616_183331_369793.jpg,-0.0280
straight\20250616_183331_540922.jpg,-0.0280
turn_left\20250616_183331_698192.jpg,-0.0320
turn_left\20250616_183331_867517.jpg,-0.0360
turn_left\20250616_183332_024828.jpg,-0.0360
turn_left\20250616_183332_191561.jpg,-0.0360
turn_left\20250616_183332_353263.jpg,-0.0360
turn_left\20250616_183332_517744.jpg,-0.0360
turn_left\20250616_183332_686052.jpg,-0.0360
turn_left\20250616_183332_849889.jpg,-0.0360
turn_left\20250616_183333_018905.jpg,-0.0360
turn_left\20250616_183333_178616.jpg,-0.0360
turn_left\20250616_183333_353756.jpg,-0.0360
turn_left\20250616_183333_503066.jpg,-0.0360
turn_left\20250616_183333_685286.jpg,-0.0360
turn_left\20250616_183333_837431.jpg,-0.0360
turn_left\20250616_183334_013145.jpg,-0.0360
turn_left\20250616_183334_167383.jpg,-0.0360
turn_left\20250616_183334_344778.jpg,-0.0360
turn_left\20250616_183334_499931.jpg,-0.0360
turn_left\20250616_183334_672254.jpg,-0.0360
turn_left\20250616_183334_834493.jpg,-0.0360
straight\20250616_183335_001870.jpg,-0.0280
straight\20250616_183335_181569.jpg,-0.0160
straight\20250616_183335_329515.jpg,-0.0060
straight\20250616_183335_503257.jpg,-0.0060
straight\20250616_183335_658004.jpg,-0.0060
straight\20250616_183335_831972.jpg,-0.0060
straight\20250616_183335_988168.jpg,-0.0060
straight\20250616_183336_162635.jpg,-0.0060
straight\20250616_183336_318528.jpg,-0.0060
straight\20250616_183336_491862.jpg,-0.0060
straight\20250616_183336_645673.jpg,-0.0060
straight\20250616_183336_817231.jpg,-0.0060
straight\20250616_183336_970533.jpg,-0.0060
straight\20250616_183337_140610.jpg,-0.0060
straight\20250616_183337_297071.jpg,-0.0060
straight\20250616_183337_465624.jpg,-0.0060
straight\20250616_183337_621933.jpg,-0.0060
straight\20250616_183337_787601.jpg,-0.0060
straight\20250616_183337_965107.jpg,-0.0060
straight\20250616_183338_116333.jpg,0.0080
straight\20250616_183338_292171.jpg,0.0080
straight\20250616_183338_445033.jpg,0.0080
straight\20250616_183338_622505.jpg,0.0080
straight\20250616_183338_775772.jpg,0.0200
turn_right\20250616_183338_955221.jpg,0.0320
turn_right\20250616_183339_109147.jpg,0.0480
turn_right\20250616_183339_276202.jpg,0.0600
turn_right\20250616_183339_430928.jpg,0.0660
turn_right\20250616_183339_604819.jpg,0.0780
turn_right\20250616_183339_759327.jpg,0.0780
turn_right\20250616_183339_928755.jpg,0.0780
turn_right\20250616_183340_083988.jpg,0.0720
turn_right\20250616_183340_256500.jpg,0.0660
turn_right\20250616_183340_409788.jpg,0.0660
turn_right\20250616_183340_582319.jpg,0.0660
turn_right\20250616_183340_765229.jpg,0.0660
turn_right\20250616_183340_913195.jpg,0.0480
turn_right\20250616_183341_082029.jpg,0.0340
turn_right\20250616_183341_222241.jpg,0.0300
turn_right\20250616_183341_402428.jpg,0.0300
straight\20250616_183341_552087.jpg,0.0220
straight\20250616_183341_727274.jpg,0.0140
straight\20250616_183341_882731.jpg,0.0040
straight\20250616_183342_059640.jpg,-0.0100
straight\20250616_183342_210431.jpg,-0.0200
straight\20250616_183342_383660.jpg,-0.0260
turn_left\20250616_183342_540324.jpg,-0.0340
turn_left\20250616_183342_714212.jpg,-0.0460
turn_left\20250616_183342_864648.jpg,-0.0580
turn_left\20250616_183343_037265.jpg,-0.0640
turn_left\20250616_183343_192217.jpg,-0.0740
turn_left\20250616_183343_362942.jpg,-0.0860
turn_left\20250616_183343_525740.jpg,-0.0940
turn_left\20250616_183343_692246.jpg,-0.1020
turn_left\20250616_183343_863798.jpg,-0.1100
turn_left\20250616_183344_017268.jpg,-0.1180
turn_left\20250616_183344_195690.jpg,-0.1280
turn_left\20250616_183344_350412.jpg,-0.1360
turn_left\20250616_183344_525674.jpg,-0.1480
turn_left\20250616_183344_679598.jpg,-0.1580
turn_left\20250616_183344_855102.jpg,-0.1680
turn_left\20250616_183345_012601.jpg,-0.1740
turn_left\20250616_183345_181261.jpg,-0.1740
turn_left\20250616_183345_331032.jpg,-0.1740
turn_left\20250616_183345_502445.jpg,-0.1740
turn_left\20250616_183345_666789.jpg,-0.1740
turn_left\20250616_183345_831356.jpg,-0.1660
turn_left\20250616_183345_994719.jpg,-0.1660
turn_left\20250616_183346_159524.jpg,-0.1540
turn_left\20250616_183346_324635.jpg,-0.1460
turn_left\20250616_183346_486965.jpg,-0.1420
turn_left\20250616_183346_660352.jpg,-0.1420
turn_left\20250616_183346_817482.jpg,-0.1320
turn_left\20250616_183346_995209.jpg,-0.1180
turn_left\20250616_183347_148313.jpg,-0.1060
turn_left\20250616_183347_324717.jpg,-0.0960
turn_left\20250616_183347_468241.jpg,-0.0900
turn_left\20250616_183347_644773.jpg,-0.0760
turn_left\20250616_183347_804886.jpg,-0.0620
turn_left\20250616_183347_984097.jpg,-0.0480
turn_left\20250616_183348_137109.jpg,-0.0360
straight\20250616_183348_315219.jpg,-0.0220
straight\20250616_183348_490899.jpg,-0.0140
straight\20250616_183348_643118.jpg,-0.0020
straight\20250616_183348_821294.jpg,0.0080
straight\20250616_183348_974225.jpg,0.0080
straight\20250616_183349_148793.jpg,0.0080
straight\20250616_183349_298212.jpg,0.0080
straight\20250616_183349_476459.jpg,0.0080
straight\20250616_183349_631814.jpg,0.0080
straight\20250616_183349_805503.jpg,0.0080
straight\20250616_183349_960586.jpg,0.0080
straight\20250616_183350_133298.jpg,0.0080
straight\20250616_183350_287990.jpg,0.0080
straight\20250616_183350_460941.jpg,0.0080
straight\20250616_183350_625534.jpg,0.0080
straight\20250616_183350_796405.jpg,0.0080
straight\20250616_183350_971488.jpg,0.0080
straight\20250616_183351_123454.jpg,-0.0080
straight\20250616_183351_301694.jpg,-0.0080
straight\20250616_183351_448862.jpg,-0.0080
straight\20250616_183351_623959.jpg,-0.0140
straight\20250616_183351_797862.jpg,-0.0220
straight\20250616_183351_974011.jpg,-0.0300
straight\20250616_183352_101769.jpg,-0.0300
straight\20250616_183352_270185.jpg,-0.0300
straight\20250616_183352_424388.jpg,-0.0300
straight\20250616_183352_600289.jpg,-0.0300
straight\20250616_183352_753656.jpg,-0.0300
turn_left\20250616_183352_930814.jpg,-0.0400
turn_left\20250616_183353_088720.jpg,-0.0520
turn_left\20250616_183353_263649.jpg,-0.0640
turn_left\20250616_183353_439284.jpg,-0.0720
turn_left\20250616_183353_595652.jpg,-0.0800
turn_left\20250616_183353_769760.jpg,-0.0860
turn_left\20250616_183353_930753.jpg,-0.0920
turn_left\20250616_183354_108225.jpg,-0.1040
turn_left\20250616_183354_261554.jpg,-0.1100
turn_left\20250616_183354_452085.jpg,-0.1160
turn_left\20250616_183354_605615.jpg,-0.1160
turn_left\20250616_183354_781044.jpg,-0.1160
turn_left\20250616_183354_946351.jpg,-0.1160
turn_left\20250616_183355_119959.jpg,-0.1160
turn_left\20250616_183355_292037.jpg,-0.1160
turn_left\20250616_183355_452116.jpg,-0.1040
turn_left\20250616_183355_630714.jpg,-0.0980
turn_left\20250616_183355_786705.jpg,-0.0920
turn_left\20250616_183355_964086.jpg,-0.0780
turn_left\20250616_183356_117426.jpg,-0.0660
turn_left\20250616_183356_298037.jpg,-0.0560
turn_left\20250616_183356_456959.jpg,-0.0420
turn_left\20250616_183356_631239.jpg,-0.0360
straight\20250616_183356_789081.jpg,-0.0200
straight\20250616_183356_966047.jpg,-0.0060
straight\20250616_183357_142971.jpg,0.0060
straight\20250616_183357_292466.jpg,0.0080
straight\20250616_183357_469285.jpg,0.0080
straight\20250616_183357_618204.jpg,0.0080
straight\20250616_183357_798770.jpg,0.0080
straight\20250616_183357_953748.jpg,0.0080
straight\20250616_183358_129409.jpg,0.0080
straight\20250616_183358_287448.jpg,0.0080
straight\20250616_183358_455246.jpg,0.0080
straight\20250616_183358_618489.jpg,0.0080
straight\20250616_183358_789639.jpg,0.0080
straight\20250616_183358_953451.jpg,0.0080
straight\20250616_183359_123357.jpg,0.0080
straight\20250616_183359_304462.jpg,0.0080
straight\20250616_183359_458063.jpg,0.0020
straight\20250616_183359_634658.jpg,-0.0020
straight\20250616_183359_786327.jpg,-0.0020
straight\20250616_183359_962022.jpg,-0.0020
straight\20250616_183400_115783.jpg,-0.0020
straight\20250616_183400_292513.jpg,-0.0020
straight\20250616_183400_443094.jpg,-0.0020
straight\20250616_183400_618781.jpg,-0.0020
straight\20250616_183400_775336.jpg,-0.0020
straight\20250616_183400_947142.jpg,0.0100
straight\20250616_183401_101742.jpg,0.0180
straight\20250616_183401_276352.jpg,0.0200
straight\20250616_183401_429594.jpg,0.0200
straight\20250616_183401_596111.jpg,0.0200
straight\20250616_183401_754344.jpg,0.0200
straight\20250616_183401_925132.jpg,0.0200
straight\20250616_183402_099947.jpg,0.0200
straight\20250616_183402_252434.jpg,0.0200
straight\20250616_183402_428049.jpg,0.0200
straight\20250616_183402_576626.jpg,0.0200
straight\20250616_183402_758108.jpg,0.0200
straight\20250616_183402_908136.jpg,0.0200
straight\20250616_183403_086452.jpg,0.0200
straight\20250616_183403_242755.jpg,0.0200
straight\20250616_183403_409707.jpg,0.0200
straight\20250616_183403_571436.jpg,0.0200
straight\20250616_183403_742512.jpg,0.0200
straight\20250616_183403_900573.jpg,0.0200
straight\20250616_183404_073582.jpg,0.0200
straight\20250616_183404_250162.jpg,0.0100
straight\20250616_183404_425020.jpg,0.0000
straight\20250616_183404_556769.jpg,0.0000
straight\20250616_183404_702545.jpg,0.0000
straight\20250616_183404_878136.jpg,0.0000
straight\20250616_183405_030164.jpg,-0.0020
straight\20250616_183405_207646.jpg,-0.0100
straight\20250616_183405_357809.jpg,-0.0220
straight\20250616_183405_531784.jpg,-0.0220
turn_left\20250616_183405_682320.jpg,-0.0360
turn_left\20250616_183405_858703.jpg,-0.0360
turn_left\20250616_183406_011573.jpg,-0.0360
turn_left\20250616_183406_186611.jpg,-0.0360
turn_left\20250616_183406_341098.jpg,-0.0360
turn_left\20250616_183406_511953.jpg,-0.0360
turn_left\20250616_183406_675040.jpg,-0.0360
turn_left\20250616_183406_844676.jpg,-0.0360
turn_left\20250616_183407_010942.jpg,-0.0360
turn_left\20250616_183407_181008.jpg,-0.0360
turn_left\20250616_183407_357689.jpg,-0.0360
turn_left\20250616_183407_523966.jpg,-0.0360
turn_left\20250616_183407_691645.jpg,-0.0360
turn_left\20250616_183407_840979.jpg,-0.0360
turn_left\20250616_183408_019666.jpg,-0.0360
turn_left\20250616_183408_175831.jpg,-0.0360
turn_left\20250616_183408_349500.jpg,-0.0360
turn_left\20250616_183408_504482.jpg,-0.0360
turn_left\20250616_183408_678867.jpg,-0.0360
turn_left\20250616_183408_832996.jpg,-0.0360
turn_left\20250616_183409_011895.jpg,-0.0500
turn_left\20250616_183409_175980.jpg,-0.0620
turn_left\20250616_183409_332743.jpg,-0.0680
turn_left\20250616_183409_512294.jpg,-0.0680
turn_left\20250616_183409_660424.jpg,-0.0680
turn_left\20250616_183409_834521.jpg,-0.0680
turn_left\20250616_183409_984942.jpg,-0.0680
turn_left\20250616_183410_165216.jpg,-0.0680
turn_left\20250616_183410_311354.jpg,-0.0680
turn_left\20250616_183410_487598.jpg,-0.0680
turn_left\20250616_183410_642057.jpg,-0.0680
turn_left\20250616_183410_819423.jpg,-0.0560
turn_left\20250616_183410_970704.jpg,-0.0560
turn_left\20250616_183411_147811.jpg,-0.0560
turn_left\20250616_183411_299250.jpg,-0.0560
turn_left\20250616_183411_479724.jpg,-0.0560
turn_left\20250616_183411_641567.jpg,-0.0560
turn_left\20250616_183411_805382.jpg,-0.0560
turn_left\20250616_183411_965175.jpg,-0.0560
turn_left\20250616_183412_135852.jpg,-0.0560
turn_left\20250616_183412_309968.jpg,-0.0560
turn_left\20250616_183412_462129.jpg,-0.0560
turn_left\20250616_183412_640738.jpg,-0.0560
turn_left\20250616_183412_788250.jpg,-0.0560
turn_left\20250616_183412_964256.jpg,-0.0560
turn_left\20250616_183413_120542.jpg,-0.0560
turn_left\20250616_183413_295923.jpg,-0.0480
turn_left\20250616_183413_447588.jpg,-0.0480
turn_left\20250616_183413_621440.jpg,-0.0480
turn_left\20250616_183413_779622.jpg,-0.0480
turn_left\20250616_183413_946552.jpg,-0.0480
turn_left\20250616_183414_110242.jpg,-0.0480
turn_left\20250616_183414_269116.jpg,-0.0480
turn_left\20250616_183414_437025.jpg,-0.0480
turn_left\20250616_183414_596622.jpg,-0.0480
turn_left\20250616_183414_764829.jpg,-0.0480
turn_left\20250616_183414_924709.jpg,-0.0480
turn_left\20250616_183415_097454.jpg,-0.0580
turn_left\20250616_183415_257447.jpg,-0.0600
turn_left\20250616_183415_430518.jpg,-0.0600
turn_left\20250616_183415_584771.jpg,-0.0600
turn_left\20250616_183415_760764.jpg,-0.0600
turn_left\20250616_183415_913157.jpg,-0.0600
turn_left\20250616_183416_088805.jpg,-0.0600
turn_left\20250616_183416_241284.jpg,-0.0600
turn_left\20250616_183416_412839.jpg,-0.0600
turn_left\20250616_183416_568704.jpg,-0.0600
turn_left\20250616_183416_737582.jpg,-0.0600
turn_left\20250616_183416_893265.jpg,-0.0600
turn_left\20250616_183417_067477.jpg,-0.0600
turn_left\20250616_183417_230509.jpg,-0.0600
turn_left\20250616_183417_396623.jpg,-0.0600
turn_left\20250616_183417_568137.jpg,-0.0600
turn_left\20250616_183417_724879.jpg,-0.0600
turn_left\20250616_183417_899728.jpg,-0.0600
turn_left\20250616_183418_056617.jpg,-0.0600
turn_left\20250616_183418_225836.jpg,-0.0600
turn_left\20250616_183418_381070.jpg,-0.0600
turn_left\20250616_183418_560576.jpg,-0.0600
turn_left\20250616_183418_714755.jpg,-0.0600
turn_left\20250616_183418_896824.jpg,-0.0540
turn_left\20250616_183419_046393.jpg,-0.0460
turn_left\20250616_183419_220088.jpg,-0.0460
turn_left\20250616_183419_374789.jpg,-0.0460
turn_left\20250616_183419_548614.jpg,-0.0460
turn_left\20250616_183419_703605.jpg,-0.0460
turn_left\20250616_183419_888036.jpg,-0.0460
turn_left\20250616_183420_065554.jpg,-0.0500
turn_left\20250616_183420_217449.jpg,-0.0580
turn_left\20250616_183420_393951.jpg,-0.0580
turn_left\20250616_183420_543502.jpg,-0.0580
turn_left\20250616_183420_719380.jpg,-0.0580
turn_left\20250616_183420_868530.jpg,-0.0580
turn_left\20250616_183421_044525.jpg,-0.0580
turn_left\20250616_183421_198846.jpg,-0.0400
turn_left\20250616_183421_375739.jpg,-0.0400
turn_left\20250616_183421_526236.jpg,-0.0400
turn_left\20250616_183421_700413.jpg,-0.0400
turn_left\20250616_183421_851304.jpg,-0.0400
turn_left\20250616_183422_021389.jpg,-0.0400
turn_left\20250616_183422_182368.jpg,-0.0400
turn_left\20250616_183422_348892.jpg,-0.0400
turn_left\20250616_183422_508846.jpg,-0.0400
straight\20250616_183422_672913.jpg,-0.0300
straight\20250616_183422_849489.jpg,-0.0200
straight\20250616_183422_999729.jpg,-0.0200
straight\20250616_183423_177260.jpg,-0.0060
straight\20250616_183423_327457.jpg,0.0060
straight\20250616_183423_501165.jpg,0.0060
straight\20250616_183423_656963.jpg,0.0060
straight\20250616_183423_838113.jpg,-0.0060
straight\20250616_183423_988450.jpg,-0.0060
straight\20250616_183424_162269.jpg,-0.0060
straight\20250616_183424_315618.jpg,-0.0060
straight\20250616_183424_487323.jpg,-0.0060
straight\20250616_183424_647469.jpg,-0.0060
straight\20250616_183424_818028.jpg,-0.0060
straight\20250616_183424_975092.jpg,-0.0060
straight\20250616_183425_146769.jpg,-0.0060
straight\20250616_183425_301093.jpg,-0.0060
straight\20250616_183425_469062.jpg,-0.0060
straight\20250616_183425_633281.jpg,-0.0060
straight\20250616_183425_799807.jpg,-0.0060
straight\20250616_183425_969427.jpg,-0.0060
straight\20250616_183426_128781.jpg,-0.0060
straight\20250616_183426_306593.jpg,-0.0060
straight\20250616_183426_463491.jpg,-0.0060
straight\20250616_183426_640290.jpg,-0.0060
straight\20250616_183426_789458.jpg,-0.0060
straight\20250616_183426_966768.jpg,-0.0060
straight\20250616_183427_113609.jpg,-0.0060
straight\20250616_183427_289589.jpg,-0.0060
straight\20250616_183427_443032.jpg,-0.0060
straight\20250616_183427_623842.jpg,-0.0060
straight\20250616_183427_772534.jpg,-0.0060
straight\20250616_183427_946515.jpg,-0.0060
straight\20250616_183428_103892.jpg,-0.0060
straight\20250616_183428_271185.jpg,-0.0060
straight\20250616_183428_435962.jpg,-0.0060
straight\20250616_183428_609327.jpg,-0.0060
straight\20250616_183428_779116.jpg,-0.0060
straight\20250616_183428_936462.jpg,-0.0060
straight\20250616_183429_110908.jpg,-0.0060
straight\20250616_183429_268626.jpg,0.0000
straight\20250616_183429_441569.jpg,0.0100
straight\20250616_183429_593849.jpg,0.0100
straight\20250616_183429_767616.jpg,0.0100
straight\20250616_183429_921255.jpg,0.0100
straight\20250616_183430_099560.jpg,0.0100
straight\20250616_183430_249576.jpg,0.0100
straight\20250616_183430_424717.jpg,0.0100
straight\20250616_183430_579216.jpg,0.0080
straight\20250616_183430_769395.jpg,-0.0060
straight\20250616_183430_926516.jpg,-0.0060
straight\20250616_183431_095892.jpg,-0.0060
straight\20250616_183431_269453.jpg,0.0120
straight\20250616_183431_421745.jpg,0.0120
straight\20250616_183431_595953.jpg,0.0120
straight\20250616_183431_746988.jpg,0.0120
straight\20250616_183431_919640.jpg,0.0120
straight\20250616_183432_075525.jpg,0.0120
straight\20250616_183432_250104.jpg,0.0100
straight\20250616_183432_406775.jpg,-0.0040
straight\20250616_183432_580618.jpg,-0.0040
straight\20250616_183432_740262.jpg,-0.0160
straight\20250616_183432_907510.jpg,-0.0180
straight\20250616_183433_068001.jpg,-0.0180
straight\20250616_183433_238898.jpg,-0.0180
straight\20250616_183433_396770.jpg,-0.0180
turn_left\20250616_183433_577649.jpg,-0.0320
turn_left\20250616_183433_724317.jpg,-0.0360
turn_left\20250616_183433_890542.jpg,-0.0360
turn_left\20250616_183434_055205.jpg,-0.0360
turn_left\20250616_183434_220578.jpg,-0.0360
turn_left\20250616_183434_394232.jpg,-0.0400
turn_left\20250616_183434_548382.jpg,-0.0480
turn_left\20250616_183434_725389.jpg,-0.0480
turn_left\20250616_183434_880301.jpg,-0.0480
turn_left\20250616_183435_053323.jpg,-0.0480
turn_left\20250616_183435_206828.jpg,-0.0480
turn_left\20250616_183435_386423.jpg,-0.0560
turn_left\20250616_183435_537308.jpg,-0.0620
turn_left\20250616_183435_711924.jpg,-0.0620
turn_left\20250616_183435_870323.jpg,-0.0620
turn_left\20250616_183436_043576.jpg,-0.0620
turn_left\20250616_183436_195587.jpg,-0.0620
turn_left\20250616_183436_371568.jpg,-0.0620
turn_left\20250616_183436_529768.jpg,-0.0740
turn_left\20250616_183436_698958.jpg,-0.0740
turn_left\20250616_183436_861258.jpg,-0.0740
turn_left\20250616_183437_030285.jpg,-0.0740
turn_left\20250616_183437_208448.jpg,-0.0740
turn_left\20250616_183437_365394.jpg,-0.0740
turn_left\20250616_183437_540588.jpg,-0.0740
turn_left\20250616_183437_697368.jpg,-0.0820
turn_left\20250616_183437_868400.jpg,-0.0920
turn_left\20250616_183438_024541.jpg,-0.0920
turn_left\20250616_183438_193945.jpg,-0.0920
turn_left\20250616_183438_348641.jpg,-0.0920
turn_left\20250616_183438_519091.jpg,-0.0920
turn_left\20250616_183438_680205.jpg,-0.0920
turn_left\20250616_183438_845853.jpg,-0.0920
turn_left\20250616_183439_009735.jpg,-0.0920
turn_left\20250616_183439_177922.jpg,-0.0920
turn_left\20250616_183439_354812.jpg,-0.0920
turn_left\20250616_183439_509860.jpg,-0.0920
turn_left\20250616_183439_688902.jpg,-0.1000
turn_left\20250616_183439_838852.jpg,-0.1000
turn_left\20250616_183440_017961.jpg,-0.1000
turn_left\20250616_183440_172561.jpg,-0.1000
turn_left\20250616_183440_350002.jpg,-0.1000
turn_left\20250616_183440_501609.jpg,-0.0840
turn_left\20250616_183440_677816.jpg,-0.0840
turn_left\20250616_183440_825037.jpg,-0.0840
turn_left\20250616_183440_998638.jpg,-0.0840
turn_left\20250616_183441_163547.jpg,-0.0820
turn_left\20250616_183441_338161.jpg,-0.0720
turn_left\20250616_183441_501297.jpg,-0.0580
turn_left\20250616_183441_669186.jpg,-0.0440
turn_left\20250616_183441_845983.jpg,-0.0320
straight\20250616_183442_002711.jpg,-0.0220
straight\20250616_183442_177384.jpg,-0.0120
straight\20250616_183442_331018.jpg,-0.0060
straight\20250616_183442_506599.jpg,0.0040
straight\20250616_183442_662084.jpg,0.0140
straight\20250616_183442_834511.jpg,0.0260
turn_right\20250616_183442_989418.jpg,0.0340
turn_right\20250616_183443_161146.jpg,0.0420
turn_right\20250616_183443_320324.jpg,0.0420
turn_right\20250616_183443_494414.jpg,0.0320
turn_right\20250616_183443_649363.jpg,0.0300
straight\20250616_183443_813040.jpg,0.0200
straight\20250616_183443_977317.jpg,0.0200
straight\20250616_183444_147932.jpg,0.0140
straight\20250616_183444_327268.jpg,0.0080
straight\20250616_183444_490563.jpg,-0.0020
straight\20250616_183444_658945.jpg,-0.0120
straight\20250616_183444_794854.jpg,-0.0200
straight\20250616_183444_971225.jpg,-0.0300
turn_left\20250616_183445_130691.jpg,-0.0380
turn_left\20250616_183445_301350.jpg,-0.0480
turn_left\20250616_183445_461000.jpg,-0.0600
turn_left\20250616_183445_630671.jpg,-0.0700
turn_left\20250616_183445_796262.jpg,-0.0780
turn_left\20250616_183445_964714.jpg,-0.0880
turn_left\20250616_183446_126027.jpg,-0.0980
turn_left\20250616_183446_293306.jpg,-0.1100
turn_left\20250616_183446_460388.jpg,-0.1100
turn_left\20250616_183446_621537.jpg,-0.1200
turn_left\20250616_183446_799729.jpg,-0.1300
turn_left\20250616_183446_951835.jpg,-0.1360
turn_left\20250616_183447_146187.jpg,-0.1440
turn_left\20250616_183447_297522.jpg,-0.1440
turn_left\20250616_183447_471825.jpg,-0.1440
turn_left\20250616_183447_627373.jpg,-0.1440
turn_left\20250616_183447_803258.jpg,-0.1440
turn_left\20250616_183447_954112.jpg,-0.1440
turn_left\20250616_183448_127494.jpg,-0.1440
turn_left\20250616_183448_285353.jpg,-0.1440
turn_left\20250616_183448_459150.jpg,-0.1340
turn_left\20250616_183448_619371.jpg,-0.1240
turn_left\20250616_183448_782668.jpg,-0.1160
turn_left\20250616_183448_945259.jpg,-0.1060
turn_left\20250616_183449_111526.jpg,-0.0960
turn_left\20250616_183449_273609.jpg,-0.0900
turn_left\20250616_183449_457588.jpg,-0.0900
turn_left\20250616_183449_631626.jpg,-0.0780
turn_left\20250616_183449_790549.jpg,-0.0660
turn_left\20250616_183449_979223.jpg,-0.0560
turn_left\20250616_183450_104527.jpg,-0.0480
turn_left\20250616_183450_271257.jpg,-0.0380
straight\20250616_183450_426433.jpg,-0.0300
straight\20250616_183450_589158.jpg,-0.0220
straight\20250616_183450_741946.jpg,-0.0140
straight\20250616_183450_912967.jpg,0.0000
straight\20250616_183451_071367.jpg,0.0120
straight\20250616_183451_239383.jpg,0.0200
turn_right\20250616_183451_398085.jpg,0.0300
turn_right\20250616_183451_570158.jpg,0.0420
turn_right\20250616_183451_720591.jpg,0.0500
turn_right\20250616_183451_894748.jpg,0.0580
turn_right\20250616_183452_056404.jpg,0.0660
turn_right\20250616_183452_225770.jpg,0.0800
turn_right\20250616_183452_397678.jpg,0.0920
turn_right\20250616_183452_556406.jpg,0.1040
turn_right\20250616_183452_734626.jpg,0.1120
turn_right\20250616_183452_881158.jpg,0.1220
turn_right\20250616_183453_057648.jpg,0.1300
turn_right\20250616_183453_212744.jpg,0.1420
turn_right\20250616_183453_384383.jpg,0.1620
turn_right\20250616_183453_545634.jpg,0.1720
turn_right\20250616_183453_706797.jpg,0.1760
turn_right\20250616_183453_872697.jpg,0.1720
turn_right\20250616_183454_031526.jpg,0.1620
turn_right\20250616_183454_194660.jpg,0.1500
turn_right\20250616_183454_357009.jpg,0.1420
turn_right\20250616_183454_561736.jpg,0.1300
turn_right\20250616_183454_712303.jpg,0.1200
turn_right\20250616_183454_890609.jpg,0.1100
turn_right\20250616_183455_041735.jpg,0.0960
turn_right\20250616_183455_221005.jpg,0.0820
turn_right\20250616_183455_366227.jpg,0.0740
turn_right\20250616_183455_542998.jpg,0.0640
turn_right\20250616_183455_703548.jpg,0.0560
turn_right\20250616_183455_876159.jpg,0.0460
turn_right\20250616_183456_032805.jpg,0.0360
straight\20250616_183456_204520.jpg,0.0240
straight\20250616_183456_367023.jpg,0.0160
straight\20250616_183456_536620.jpg,0.0060
straight\20250616_183456_714102.jpg,-0.0060
straight\20250616_183456_870496.jpg,-0.0200
straight\20250616_183457_048385.jpg,-0.0300
turn_left\20250616_183457_201421.jpg,-0.0420
turn_left\20250616_183457_376943.jpg,-0.0560
turn_left\20250616_183457_533945.jpg,-0.0660
turn_left\20250616_183457_703943.jpg,-0.0780
turn_left\20250616_183457_853960.jpg,-0.0900
turn_left\20250616_183458_029587.jpg,-0.1020
turn_left\20250616_183458_184249.jpg,-0.1060
turn_left\20250616_183458_356362.jpg,-0.1060
turn_left\20250616_183458_523782.jpg,-0.1060
turn_left\20250616_183458_674092.jpg,-0.1060
turn_left\20250616_183458_832817.jpg,-0.1060
turn_left\20250616_183459_000474.jpg,-0.1060
turn_left\20250616_183459_159355.jpg,-0.1060
turn_left\20250616_183459_327016.jpg,-0.1060
turn_left\20250616_183459_513458.jpg,-0.1060
turn_left\20250616_183459_665778.jpg,-0.1060
turn_left\20250616_183459_847263.jpg,-0.1060
turn_left\20250616_183459_991797.jpg,-0.1060
turn_left\20250616_183500_170235.jpg,-0.0920
turn_left\20250616_183500_329334.jpg,-0.0920
turn_left\20250616_183500_524607.jpg,-0.0920
turn_left\20250616_183500_673887.jpg,-0.0920
turn_left\20250616_183500_846840.jpg,-0.0920
turn_left\20250616_183501_004779.jpg,-0.0920
turn_left\20250616_183501_187251.jpg,-0.0840
turn_left\20250616_183501_326436.jpg,-0.0800
turn_left\20250616_183501_492129.jpg,-0.0680
turn_left\20250616_183501_653918.jpg,-0.0580
turn_left\20250616_183501_810155.jpg,-0.0520
turn_left\20250616_183501_984276.jpg,-0.0520
turn_left\20250616_183502_135320.jpg,-0.0520
turn_left\20250616_183502_313944.jpg,-0.0520
turn_left\20250616_183502_467383.jpg,-0.0520
turn_left\20250616_183502_644165.jpg,-0.0520
turn_left\20250616_183502_799365.jpg,-0.0520
turn_left\20250616_183502_978011.jpg,-0.0520
turn_left\20250616_183503_130736.jpg,-0.0520
turn_left\20250616_183503_303892.jpg,-0.0520
turn_left\20250616_183503_481538.jpg,-0.0520
turn_left\20250616_183503_651233.jpg,-0.0520
turn_left\20250616_183503_813406.jpg,-0.0520
turn_left\20250616_183503_979098.jpg,-0.0520
turn_left\20250616_183504_157904.jpg,-0.0340
turn_left\20250616_183504_315525.jpg,-0.0340
turn_left\20250616_183504_492362.jpg,-0.0340
turn_left\20250616_183504_646370.jpg,-0.0340
turn_left\20250616_183504_821134.jpg,-0.0340
turn_left\20250616_183504_972330.jpg,-0.0340
turn_left\20250616_183505_149708.jpg,-0.0340
turn_left\20250616_183505_304751.jpg,-0.0340
turn_left\20250616_183505_478739.jpg,-0.0340
turn_left\20250616_183505_634435.jpg,-0.0340
turn_left\20250616_183505_801925.jpg,-0.0340
turn_left\20250616_183505_961366.jpg,-0.0340
turn_left\20250616_183506_132832.jpg,-0.0340
turn_left\20250616_183506_291387.jpg,-0.0340
turn_left\20250616_183506_458103.jpg,-0.0340
turn_left\20250616_183506_621800.jpg,-0.0340
turn_left\20250616_183506_803854.jpg,-0.0360
turn_left\20250616_183506_980534.jpg,-0.0420
turn_left\20250616_183507_131584.jpg,-0.0420
turn_left\20250616_183507_297687.jpg,-0.0420
turn_left\20250616_183507_462388.jpg,-0.0420
turn_left\20250616_183507_630193.jpg,-0.0420
turn_left\20250616_183507_785639.jpg,-0.0420
turn_left\20250616_183507_957144.jpg,-0.0420
turn_left\20250616_183508_116896.jpg,-0.0600
turn_left\20250616_183508_282867.jpg,-0.0600
turn_left\20250616_183508_443565.jpg,-0.0600
turn_left\20250616_183508_616255.jpg,-0.0600
turn_left\20250616_183508_766874.jpg,-0.0600
turn_left\20250616_183508_939231.jpg,-0.0600
turn_left\20250616_183509_105182.jpg,-0.0600
turn_left\20250616_183509_272769.jpg,-0.0600
turn_left\20250616_183509_445452.jpg,-0.0600
turn_left\20250616_183509_607275.jpg,-0.0780
turn_left\20250616_183509_783119.jpg,-0.0800
turn_left\20250616_183509_932784.jpg,-0.0800
turn_left\20250616_183510_111403.jpg,-0.0800
turn_left\20250616_183510_266743.jpg,-0.0800
turn_left\20250616_183510_450903.jpg,-0.0800
turn_left\20250616_183510_604571.jpg,-0.0800
turn_left\20250616_183510_776575.jpg,-0.0800
turn_left\20250616_183510_935265.jpg,-0.0800
turn_left\20250616_183511_105998.jpg,-0.0800
turn_left\20250616_183511_264286.jpg,-0.0800
turn_left\20250616_183511_439445.jpg,-0.0800
turn_left\20250616_183511_610877.jpg,-0.0800
turn_left\20250616_183511_768618.jpg,-0.0800
turn_left\20250616_183511_943416.jpg,-0.0800
turn_left\20250616_183512_093795.jpg,-0.0780
turn_left\20250616_183512_270380.jpg,-0.0660
turn_left\20250616_183512_425694.jpg,-0.0580
turn_left\20250616_183512_602433.jpg,-0.0540
turn_left\20250616_183512_760768.jpg,-0.0460
turn_left\20250616_183512_935550.jpg,-0.0380
turn_left\20250616_183513_081870.jpg,-0.0400
turn_left\20250616_183513_256725.jpg,-0.0480
turn_left\20250616_183513_419394.jpg,-0.0560
turn_left\20250616_183513_582304.jpg,-0.0560
turn_left\20250616_183513_742236.jpg,-0.0560
turn_left\20250616_183513_900497.jpg,-0.0560
turn_left\20250616_183514_075651.jpg,-0.0420
turn_left\20250616_183514_236937.jpg,-0.0420
turn_left\20250616_183514_410614.jpg,-0.0420
turn_left\20250616_183514_561381.jpg,-0.0420
turn_left\20250616_183514_741135.jpg,-0.0380
straight\20250616_183514_885589.jpg,-0.0260
straight\20250616_183515_060258.jpg,-0.0260
straight\20250616_183515_219105.jpg,-0.0260
straight\20250616_183515_388481.jpg,-0.0260
straight\20250616_183515_545144.jpg,-0.0260
straight\20250616_183515_710627.jpg,-0.0260
straight\20250616_183515_873737.jpg,-0.0160
straight\20250616_183516_033888.jpg,-0.0080
straight\20250616_183516_198736.jpg,-0.0020
straight\20250616_183516_371174.jpg,0.0140
straight\20250616_183516_545739.jpg,0.0240
turn_right\20250616_183516_691730.jpg,0.0320
turn_right\20250616_183516_867755.jpg,0.0320
straight\20250616_183517_024242.jpg,0.0160
straight\20250616_183517_199377.jpg,0.0140
straight\20250616_183517_355729.jpg,0.0120
straight\20250616_183517_533675.jpg,0.0060
straight\20250616_183517_691131.jpg,0.0060
straight\20250616_183517_861446.jpg,0.0060
straight\20250616_183518_017900.jpg,0.0060
straight\20250616_183518_193103.jpg,0.0060
straight\20250616_183518_358614.jpg,0.0060
straight\20250616_183518_530083.jpg,-0.0060
straight\20250616_183518_703177.jpg,-0.0080
straight\20250616_183518_843456.jpg,-0.0080
straight\20250616_183519_021233.jpg,-0.0060
straight\20250616_183519_172670.jpg,0.0040
straight\20250616_183519_351160.jpg,0.0040
straight\20250616_183519_494649.jpg,0.0040
straight\20250616_183519_677855.jpg,-0.0080
straight\20250616_183519_834507.jpg,-0.0080
straight\20250616_183520_008843.jpg,-0.0080
straight\20250616_183520_164583.jpg,-0.0080
straight\20250616_183520_337243.jpg,-0.0080
straight\20250616_183520_491230.jpg,-0.0080
straight\20250616_183520_661553.jpg,-0.0080
straight\20250616_183520_823830.jpg,-0.0080
straight\20250616_183520_985777.jpg,-0.0080
straight\20250616_183521_152245.jpg,-0.0080
straight\20250616_183521_325363.jpg,-0.0080
straight\20250616_183521_489497.jpg,-0.0080
straight\20250616_183521_647505.jpg,-0.0080
straight\20250616_183521_823947.jpg,-0.0080
straight\20250616_183521_975782.jpg,0.0100
straight\20250616_183522_147867.jpg,0.0100
straight\20250616_183522_306575.jpg,0.0100
straight\20250616_183522_470763.jpg,0.0100
straight\20250616_183522_614672.jpg,0.0100
straight\20250616_183522_789697.jpg,0.0100
straight\20250616_183522_943192.jpg,0.0100
straight\20250616_183523_116800.jpg,0.0100
straight\20250616_183523_275592.jpg,0.0080
straight\20250616_183523_446399.jpg,0.0000
straight\20250616_183523_596657.jpg,0.0000
straight\20250616_183523_769657.jpg,0.0000
straight\20250616_183523_933972.jpg,0.0000
straight\20250616_183524_102643.jpg,0.0000
straight\20250616_183524_272993.jpg,0.0000
straight\20250616_183524_430450.jpg,0.0000
straight\20250616_183524_607254.jpg,0.0000
straight\20250616_183524_761182.jpg,0.0000
straight\20250616_183524_941510.jpg,0.0000
straight\20250616_183525_087072.jpg,-0.0160
straight\20250616_183525_260460.jpg,-0.0180
straight\20250616_183525_417596.jpg,-0.0180
straight\20250616_183525_594242.jpg,-0.0060
straight\20250616_183525_746138.jpg,-0.0060
straight\20250616_183525_922442.jpg,0.0040
straight\20250616_183526_086612.jpg,0.0040
straight\20250616_183526_249283.jpg,0.0040
straight\20250616_183526_413558.jpg,0.0040
straight\20250616_183526_584080.jpg,-0.0060
straight\20250616_183526_760850.jpg,-0.0180
straight\20250616_183526_922344.jpg,-0.0180
straight\20250616_183527_089440.jpg,-0.0280
straight\20250616_183527_244157.jpg,-0.0280
straight\20250616_183527_420050.jpg,-0.0280
turn_left\20250616_183527_570682.jpg,-0.0400
turn_left\20250616_183527_744119.jpg,-0.0520
turn_left\20250616_183527_903496.jpg,-0.0600
turn_left\20250616_183528_071928.jpg,-0.0700
turn_left\20250616_183528_230781.jpg,-0.0700
turn_left\20250616_183528_402363.jpg,-0.0700
turn_left\20250616_183528_566307.jpg,-0.0700
turn_left\20250616_183528_724797.jpg,-0.0700
turn_left\20250616_183528_892662.jpg,-0.0700
turn_left\20250616_183529_051215.jpg,-0.0700
turn_left\20250616_183529_219930.jpg,-0.0700
turn_left\20250616_183529_380632.jpg,-0.0700
turn_left\20250616_183529_553543.jpg,-0.0700
turn_left\20250616_183529_709157.jpg,-0.0760
turn_left\20250616_183529_886015.jpg,-0.0800
turn_left\20250616_183530_036444.jpg,-0.0800
turn_left\20250616_183530_210572.jpg,-0.0800
turn_left\20250616_183530_362085.jpg,-0.0840
turn_left\20250616_183530_538089.jpg,-0.0920
turn_left\20250616_183530_688520.jpg,-0.0920
turn_left\20250616_183530_862465.jpg,-0.0920
turn_left\20250616_183531_016172.jpg,-0.0920
turn_left\20250616_183531_193378.jpg,-0.0920
turn_left\20250616_183531_343655.jpg,-0.0920
turn_left\20250616_183531_517129.jpg,-0.0920
turn_left\20250616_183531_677562.jpg,-0.0920
turn_left\20250616_183531_845559.jpg,-0.0920
turn_left\20250616_183532_001448.jpg,-0.0920
turn_left\20250616_183532_172161.jpg,-0.0840
turn_left\20250616_183532_348753.jpg,-0.0740
turn_left\20250616_183532_497695.jpg,-0.0740
turn_left\20250616_183532_676963.jpg,-0.0740
turn_left\20250616_183532_832427.jpg,-0.0740
turn_left\20250616_183533_009480.jpg,-0.0740
turn_left\20250616_183533_163913.jpg,-0.0740
turn_left\20250616_183533_342313.jpg,-0.0740
turn_left\20250616_183533_497462.jpg,-0.0740
turn_left\20250616_183533_671955.jpg,-0.0740
turn_left\20250616_183533_829015.jpg,-0.0620
turn_left\20250616_183534_002386.jpg,-0.0560
turn_left\20250616_183534_165303.jpg,-0.0560
turn_left\20250616_183534_345234.jpg,-0.0560
turn_left\20250616_183534_520045.jpg,-0.0560
turn_left\20250616_183534_670495.jpg,-0.0560
turn_left\20250616_183534_848937.jpg,-0.0560
turn_left\20250616_183535_004891.jpg,-0.0560
turn_left\20250616_183535_182460.jpg,-0.0460
turn_left\20250616_183535_337015.jpg,-0.0460
turn_left\20250616_183535_509160.jpg,-0.0460
turn_left\20250616_183535_664582.jpg,-0.0460
turn_left\20250616_183535_829085.jpg,-0.0460
turn_left\20250616_183535_993439.jpg,-0.0460
turn_left\20250616_183536_169056.jpg,-0.0460
turn_left\20250616_183536_325275.jpg,-0.0460
turn_left\20250616_183536_496183.jpg,-0.0460
turn_left\20250616_183536_662645.jpg,-0.0460
turn_left\20250616_183536_826636.jpg,-0.0460
turn_left\20250616_183537_001807.jpg,-0.0600
turn_left\20250616_183537_157283.jpg,-0.0600
turn_left\20250616_183537_339487.jpg,-0.0600
turn_left\20250616_183537_494309.jpg,-0.0600
turn_left\20250616_183537_673207.jpg,-0.0600
turn_left\20250616_183537_827242.jpg,-0.0600
turn_left\20250616_183538_002613.jpg,-0.0580
turn_left\20250616_183538_154558.jpg,-0.0520
turn_left\20250616_183538_326785.jpg,-0.0400
turn_left\20250616_183538_487009.jpg,-0.0400
turn_left\20250616_183538_656719.jpg,-0.0400
turn_left\20250616_183538_820262.jpg,-0.0400
turn_left\20250616_183538_984111.jpg,-0.0400
turn_left\20250616_183539_147154.jpg,-0.0400
turn_left\20250616_183539_317309.jpg,-0.0400
turn_left\20250616_183539_492844.jpg,-0.0400
turn_left\20250616_183539_643396.jpg,-0.0520
turn_left\20250616_183539_820141.jpg,-0.0520
turn_left\20250616_183539_980969.jpg,-0.0520
turn_left\20250616_183540_143850.jpg,-0.0520
turn_left\20250616_183540_316502.jpg,-0.0520
turn_left\20250616_183540_491754.jpg,-0.0420
turn_left\20250616_183540_651946.jpg,-0.0420
turn_left\20250616_183540_812337.jpg,-0.0420
turn_left\20250616_183540_975619.jpg,-0.0420
turn_left\20250616_183541_134616.jpg,-0.0420
straight\20250616_183541_316137.jpg,-0.0300
straight\20250616_183541_459096.jpg,-0.0180
straight\20250616_183541_636368.jpg,-0.0100
straight\20250616_183541_785272.jpg,-0.0100
straight\20250616_183541_961006.jpg,-0.0100
straight\20250616_183542_113683.jpg,-0.0100
straight\20250616_183542_292168.jpg,-0.0100
straight\20250616_183542_440973.jpg,-0.0100
straight\20250616_183542_621339.jpg,-0.0100
straight\20250616_183542_776767.jpg,-0.0100
straight\20250616_183542_951870.jpg,-0.0060
straight\20250616_183543_109537.jpg,-0.0060
straight\20250616_183543_282044.jpg,-0.0060
straight\20250616_183543_451820.jpg,-0.0060
straight\20250616_183543_617111.jpg,0.0060
straight\20250616_183543_790737.jpg,0.0060
straight\20250616_183543_941345.jpg,0.0060
straight\20250616_183544_119049.jpg,0.0060
straight\20250616_183544_274742.jpg,0.0060
straight\20250616_183544_449138.jpg,0.0060
straight\20250616_183544_600109.jpg,0.0060
straight\20250616_183544_775314.jpg,0.0060
straight\20250616_183544_930838.jpg,0.0060
straight\20250616_183545_111113.jpg,0.0060
straight\20250616_183545_262765.jpg,0.0060
straight\20250616_183545_433413.jpg,0.0060
straight\20250616_183545_583036.jpg,0.0060
straight\20250616_183545_750766.jpg,0.0060
straight\20250616_183545_914760.jpg,0.0060
straight\20250616_183546_078789.jpg,0.0060
straight\20250616_183546_242652.jpg,0.0060
straight\20250616_183546_408320.jpg,0.0060
straight\20250616_183546_571070.jpg,0.0060
straight\20250616_183546_740170.jpg,0.0060
straight\20250616_183546_916441.jpg,0.0060
straight\20250616_183547_075274.jpg,0.0060
straight\20250616_183547_250083.jpg,0.0060
straight\20250616_183547_406092.jpg,0.0060
straight\20250616_183547_582754.jpg,0.0060
straight\20250616_183547_731848.jpg,0.0060
straight\20250616_183547_908435.jpg,0.0060
straight\20250616_183548_062968.jpg,0.0060
straight\20250616_183548_238086.jpg,0.0060
straight\20250616_183548_392448.jpg,0.0000
straight\20250616_183548_570020.jpg,-0.0080
straight\20250616_183548_723373.jpg,-0.0080
straight\20250616_183548_891219.jpg,-0.0080
straight\20250616_183549_045925.jpg,-0.0080
straight\20250616_183549_215863.jpg,-0.0080
straight\20250616_183549_375853.jpg,-0.0080
straight\20250616_183549_538794.jpg,-0.0080
straight\20250616_183549_706429.jpg,-0.0080
straight\20250616_183549_872226.jpg,-0.0080
straight\20250616_183550_042756.jpg,-0.0080
straight\20250616_183550_200231.jpg,-0.0080
straight\20250616_183550_377186.jpg,-0.0080
straight\20250616_183550_541900.jpg,-0.0080
straight\20250616_183550_716375.jpg,-0.0080
straight\20250616_183550_873925.jpg,-0.0080
straight\20250616_183551_048426.jpg,0.0020
straight\20250616_183551_221851.jpg,0.0140
straight\20250616_183551_366749.jpg,0.0200
straight\20250616_183551_538316.jpg,0.0240
straight\20250616_183551_695845.jpg,0.0180
straight\20250616_183551_866722.jpg,0.0160
straight\20250616_183552_025494.jpg,0.0020
straight\20250616_183552_199437.jpg,-0.0040
straight\20250616_183552_356168.jpg,-0.0140
straight\20250616_183552_529932.jpg,-0.0140
straight\20250616_183552_685748.jpg,-0.0140
straight\20250616_183552_857803.jpg,-0.0280
straight\20250616_183553_010226.jpg,-0.0280
turn_left\20250616_183553_180164.jpg,-0.0380
turn_left\20250616_183553_342304.jpg,-0.0400
turn_left\20250616_183553_505344.jpg,-0.0400
turn_left\20250616_183553_672697.jpg,-0.0400
turn_left\20250616_183553_832324.jpg,-0.0400
turn_left\20250616_183554_003322.jpg,-0.0560
turn_left\20250616_183554_167254.jpg,-0.0560
turn_left\20250616_183554_316984.jpg,-0.0560
turn_left\20250616_183554_486419.jpg,-0.0560
turn_left\20250616_183554_652808.jpg,-0.0560
turn_left\20250616_183554_823164.jpg,-0.0560
turn_left\20250616_183554_990250.jpg,-0.0560
turn_left\20250616_183555_148094.jpg,-0.0560
turn_left\20250616_183555_323721.jpg,-0.0560
turn_left\20250616_183555_477762.jpg,-0.0560
turn_left\20250616_183555_648429.jpg,-0.0560
turn_left\20250616_183555_804880.jpg,-0.0560
turn_left\20250616_183555_980438.jpg,-0.0560
turn_left\20250616_183556_141368.jpg,-0.0600
turn_left\20250616_183556_307923.jpg,-0.0700
turn_left\20250616_183556_465061.jpg,-0.0700
turn_left\20250616_183556_635712.jpg,-0.0700
turn_left\20250616_183556_790858.jpg,-0.0700
turn_left\20250616_183556_959752.jpg,-0.0700
turn_left\20250616_183557_126811.jpg,-0.0700
turn_left\20250616_183557_293597.jpg,-0.0700
turn_left\20250616_183557_468227.jpg,-0.0700
turn_left\20250616_183557_620009.jpg,-0.0700
turn_left\20250616_183557_797545.jpg,-0.0860
turn_left\20250616_183557_944545.jpg,-0.0860
turn_left\20250616_183558_121828.jpg,-0.0860
turn_left\20250616_183558_271552.jpg,-0.0860
turn_left\20250616_183558_453591.jpg,-0.0860
turn_left\20250616_183558_599546.jpg,-0.0860
turn_left\20250616_183558_769956.jpg,-0.0860
turn_left\20250616_183558_933713.jpg,-0.0800
turn_left\20250616_183559_098317.jpg,-0.0720
turn_left\20250616_183559_261797.jpg,-0.0720
turn_left\20250616_183559_423825.jpg,-0.0720
turn_left\20250616_183559_589461.jpg,-0.0720
turn_left\20250616_183559_752532.jpg,-0.0720
turn_left\20250616_183559_930748.jpg,-0.0720
turn_left\20250616_183600_087334.jpg,-0.0720
turn_left\20250616_183600_258862.jpg,-0.0720
turn_left\20250616_183600_421667.jpg,-0.0720
turn_left\20250616_183600_588989.jpg,-0.0700
turn_left\20250616_183600_750474.jpg,-0.0580
turn_left\20250616_183600_928185.jpg,-0.0580
turn_left\20250616_183601_075481.jpg,-0.0580
turn_left\20250616_183601_246738.jpg,-0.0580
turn_left\20250616_183601_405950.jpg,-0.0580
turn_left\20250616_183601_577561.jpg,-0.0580
turn_left\20250616_183601_735905.jpg,-0.0580
turn_left\20250616_183601_905419.jpg,-0.0580
turn_left\20250616_183602_067510.jpg,-0.0580
turn_left\20250616_183602_230682.jpg,-0.0580
turn_left\20250616_183602_388148.jpg,-0.0580
turn_left\20250616_183602_563123.jpg,-0.0580
turn_left\20250616_183602_746992.jpg,-0.0580
turn_left\20250616_183602_895145.jpg,-0.0580
turn_left\20250616_183603_072167.jpg,-0.0580
turn_left\20250616_183603_220481.jpg,-0.0580
turn_left\20250616_183603_397167.jpg,-0.0580
turn_left\20250616_183603_553031.jpg,-0.0580
turn_left\20250616_183603_727388.jpg,-0.0580
turn_left\20250616_183603_880018.jpg,-0.0580
turn_left\20250616_183604_051607.jpg,-0.0580
turn_left\20250616_183604_205999.jpg,-0.0580
turn_left\20250616_183604_385049.jpg,-0.0580
turn_left\20250616_183604_533793.jpg,-0.0580
turn_left\20250616_183604_703042.jpg,-0.0580
turn_left\20250616_183604_866066.jpg,-0.0580
turn_left\20250616_183605_042143.jpg,-0.0580
turn_left\20250616_183605_213515.jpg,-0.0580
turn_left\20250616_183605_370216.jpg,-0.0540
turn_left\20250616_183605_550413.jpg,-0.0420
turn_left\20250616_183605_697132.jpg,-0.0420
turn_left\20250616_183605_871111.jpg,-0.0420
turn_left\20250616_183606_023802.jpg,-0.0420
turn_left\20250616_183606_199157.jpg,-0.0420
turn_left\20250616_183606_354062.jpg,-0.0420
turn_left\20250616_183606_530637.jpg,-0.0420
turn_left\20250616_183606_678278.jpg,-0.0420
turn_left\20250616_183606_855615.jpg,-0.0420
turn_left\20250616_183607_014715.jpg,-0.0380
straight\20250616_183607_188926.jpg,-0.0240
straight\20250616_183607_348050.jpg,-0.0080
straight\20250616_183607_502516.jpg,-0.0060
straight\20250616_183607_661396.jpg,-0.0060
straight\20250616_183607_842547.jpg,-0.0060
straight\20250616_183608_017713.jpg,-0.0060
straight\20250616_183608_170393.jpg,-0.0060
straight\20250616_183608_346258.jpg,-0.0060
straight\20250616_183608_498661.jpg,-0.0060
straight\20250616_183608_673102.jpg,-0.0060
straight\20250616_183608_824932.jpg,-0.0060
straight\20250616_183609_000692.jpg,-0.0060
straight\20250616_183609_152819.jpg,-0.0060
straight\20250616_183609_327654.jpg,-0.0060
straight\20250616_183609_484253.jpg,-0.0060
straight\20250616_183609_654877.jpg,-0.0060
straight\20250616_183609_810945.jpg,-0.0060
straight\20250616_183609_982375.jpg,-0.0060
straight\20250616_183610_146563.jpg,-0.0060
straight\20250616_183610_314430.jpg,-0.0060
straight\20250616_183610_491251.jpg,-0.0060
straight\20250616_183610_643394.jpg,-0.0060
straight\20250616_183610_825236.jpg,-0.0060
straight\20250616_183610_971902.jpg,-0.0060
straight\20250616_183611_149951.jpg,-0.0060
straight\20250616_183611_300729.jpg,-0.0060
straight\20250616_183611_487744.jpg,-0.0160
straight\20250616_183611_626560.jpg,-0.0160
straight\20250616_183611_797765.jpg,-0.0160
straight\20250616_183611_959128.jpg,-0.0160
straight\20250616_183612_125434.jpg,-0.0160
straight\20250616_183612_291406.jpg,-0.0160
straight\20250616_183612_453035.jpg,-0.0160
straight\20250616_183612_621528.jpg,-0.0160
straight\20250616_183612_780257.jpg,-0.0160
straight\20250616_183612_957860.jpg,-0.0160
straight\20250616_183613_106771.jpg,-0.0160
straight\20250616_183613_282972.jpg,-0.0140
straight\20250616_183613_436227.jpg,-0.0020
straight\20250616_183613_607857.jpg,-0.0020
straight\20250616_183613_762996.jpg,-0.0020
straight\20250616_183613_940409.jpg,-0.0020
straight\20250616_183614_092681.jpg,-0.0020
straight\20250616_183614_270831.jpg,-0.0020
straight\20250616_183614_420757.jpg,-0.0020
straight\20250616_183614_596852.jpg,-0.0020
straight\20250616_183614_747439.jpg,-0.0020
straight\20250616_183614_921356.jpg,-0.0020
straight\20250616_183615_078629.jpg,-0.0020
straight\20250616_183615_247739.jpg,-0.0020
straight\20250616_183615_403574.jpg,-0.0020
straight\20250616_183615_581314.jpg,-0.0020
straight\20250616_183615_718106.jpg,-0.0020
straight\20250616_183615_889557.jpg,-0.0020
straight\20250616_183616_067552.jpg,-0.0020
straight\20250616_183616_217180.jpg,-0.0020
straight\20250616_183616_393690.jpg,-0.0020
straight\20250616_183616_547458.jpg,-0.0020
straight\20250616_183616_725601.jpg,-0.0020
straight\20250616_183616_877296.jpg,-0.0020
straight\20250616_183617_053771.jpg,-0.0020
straight\20250616_183617_205314.jpg,-0.0020
straight\20250616_183617_377385.jpg,-0.0020
straight\20250616_183617_531721.jpg,-0.0020
straight\20250616_183617_703198.jpg,-0.0020
straight\20250616_183617_858381.jpg,-0.0020
straight\20250616_183618_037565.jpg,-0.0020
straight\20250616_183618_216273.jpg,-0.0020
straight\20250616_183618_381238.jpg,-0.0020
straight\20250616_183618_540451.jpg,-0.0020
straight\20250616_183618_704466.jpg,-0.0060
straight\20250616_183618_877071.jpg,-0.0140
straight\20250616_183619_032003.jpg,-0.0140
straight\20250616_183619_208056.jpg,-0.0140
turn_left\20250616_183619_361886.jpg,-0.0320
turn_left\20250616_183619_532839.jpg,-0.0320
turn_left\20250616_183619_693430.jpg,-0.0500
turn_left\20250616_183619_869822.jpg,-0.0620
turn_left\20250616_183620_027305.jpg,-0.0680
turn_left\20250616_183620_198783.jpg,-0.0680
turn_left\20250616_183620_370556.jpg,-0.0680
turn_left\20250616_183620_524847.jpg,-0.0680
turn_left\20250616_183620_702816.jpg,-0.0680
turn_left\20250616_183620_852215.jpg,-0.0680
turn_left\20250616_183621_026281.jpg,-0.0680
turn_left\20250616_183621_180708.jpg,-0.0680
turn_left\20250616_183621_358407.jpg,-0.0680
turn_left\20250616_183621_507625.jpg,-0.0680
turn_left\20250616_183621_686553.jpg,-0.0560
turn_left\20250616_183621_838401.jpg,-0.0560
turn_left\20250616_183622_013179.jpg,-0.0560
turn_left\20250616_183622_172459.jpg,-0.0560
turn_left\20250616_183622_344069.jpg,-0.0560
turn_left\20250616_183622_506771.jpg,-0.0560
turn_left\20250616_183622_671523.jpg,-0.0560
turn_left\20250616_183622_835868.jpg,-0.0560
turn_left\20250616_183623_000320.jpg,-0.0560
turn_left\20250616_183623_162341.jpg,-0.0560
turn_left\20250616_183623_330775.jpg,-0.0560
turn_left\20250616_183623_504156.jpg,-0.0560
turn_left\20250616_183623_659977.jpg,-0.0560
turn_left\20250616_183623_835757.jpg,-0.0560
turn_left\20250616_183623_982482.jpg,-0.0560
turn_left\20250616_183624_156741.jpg,-0.0560
turn_left\20250616_183624_309333.jpg,-0.0560
turn_left\20250616_183624_481761.jpg,-0.0560
turn_left\20250616_183624_633163.jpg,-0.0560
turn_left\20250616_183624_806744.jpg,-0.0560
turn_left\20250616_183624_962516.jpg,-0.0560
turn_left\20250616_183625_128001.jpg,-0.0560
turn_left\20250616_183625_295722.jpg,-0.0560
turn_left\20250616_183625_455811.jpg,-0.0560
turn_left\20250616_183625_622034.jpg,-0.0560
turn_left\20250616_183625_784491.jpg,-0.0560
turn_left\20250616_183625_946663.jpg,-0.0440
turn_left\20250616_183626_112127.jpg,-0.0440
turn_left\20250616_183626_271953.jpg,-0.0440
turn_left\20250616_183626_443149.jpg,-0.0440
turn_left\20250616_183626_618540.jpg,-0.0440
turn_left\20250616_183626_771713.jpg,-0.0440
turn_left\20250616_183626_950406.jpg,-0.0440
turn_left\20250616_183627_101333.jpg,-0.0440
turn_left\20250616_183627_278455.jpg,-0.0380
turn_left\20250616_183627_427397.jpg,-0.0340
turn_left\20250616_183627_602923.jpg,-0.0340
turn_left\20250616_183627_757670.jpg,-0.0340
turn_left\20250616_183627_929237.jpg,-0.0340
turn_left\20250616_183628_085058.jpg,-0.0340
turn_left\20250616_183628_254648.jpg,-0.0340
turn_left\20250616_183628_410964.jpg,-0.0340
turn_left\20250616_183628_579377.jpg,-0.0340
turn_left\20250616_183628_739472.jpg,-0.0340
turn_left\20250616_183628_908219.jpg,-0.0340
turn_left\20250616_183629_082384.jpg,-0.0340
turn_left\20250616_183629_234406.jpg,-0.0340
turn_left\20250616_183629_414109.jpg,-0.0340
turn_left\20250616_183629_565338.jpg,-0.0340
turn_left\20250616_183629_735424.jpg,-0.0340
turn_left\20250616_183629_896357.jpg,-0.0340
turn_left\20250616_183630_060263.jpg,-0.0340
turn_left\20250616_183630_221105.jpg,-0.0340
turn_left\20250616_183630_401951.jpg,-0.0340
turn_left\20250616_183630_544934.jpg,-0.0340
turn_left\20250616_183630_715691.jpg,-0.0340
turn_left\20250616_183630_882699.jpg,-0.0360
turn_left\20250616_183631_044371.jpg,-0.0440
turn_left\20250616_183631_214653.jpg,-0.0540
turn_left\20250616_183631_376747.jpg,-0.0620
turn_left\20250616_183631_545721.jpg,-0.0700
turn_left\20250616_183631_698795.jpg,-0.0780
turn_left\20250616_183631_877386.jpg,-0.0860
turn_left\20250616_183632_029544.jpg,-0.0900
turn_left\20250616_183632_205767.jpg,-0.0940
turn_left\20250616_183632_376401.jpg,-0.1020
turn_left\20250616_183632_521294.jpg,-0.1040
turn_left\20250616_183632_689094.jpg,-0.1220
turn_left\20250616_183632_851154.jpg,-0.1220
turn_left\20250616_183633_016871.jpg,-0.1220
turn_left\20250616_183633_179540.jpg,-0.1220
turn_left\20250616_183633_350284.jpg,-0.1220
turn_left\20250616_183633_510114.jpg,-0.1220
turn_left\20250616_183633_680226.jpg,-0.1100
turn_left\20250616_183633_837098.jpg,-0.1060
turn_left\20250616_183634_001864.jpg,-0.0980
turn_left\20250616_183634_168430.jpg,-0.0840
turn_left\20250616_183634_345450.jpg,-0.0720
turn_left\20250616_183634_499480.jpg,-0.0720
turn_left\20250616_183634_675214.jpg,-0.0640
turn_left\20250616_183634_831606.jpg,-0.0640
turn_left\20250616_183635_008192.jpg,-0.0640
turn_left\20250616_183635_164458.jpg,-0.0640
turn_left\20250616_183635_337378.jpg,-0.0640
turn_left\20250616_183635_494528.jpg,-0.0640
turn_left\20250616_183635_665271.jpg,-0.0580
turn_left\20250616_183635_826001.jpg,-0.0440
turn_left\20250616_183635_994979.jpg,-0.0440
turn_left\20250616_183636_153478.jpg,-0.0440
turn_left\20250616_183636_322477.jpg,-0.0440
turn_left\20250616_183636_479786.jpg,-0.0440
turn_left\20250616_183636_647617.jpg,-0.0440
turn_left\20250616_183636_813635.jpg,-0.0360
straight\20250616_183636_973512.jpg,-0.0280
straight\20250616_183637_138174.jpg,-0.0100
straight\20250616_183637_310063.jpg,0.0040
straight\20250616_183637_485050.jpg,0.0100
straight\20250616_183637_639261.jpg,0.0100
straight\20250616_183637_818954.jpg,0.0100
straight\20250616_183637_968174.jpg,0.0100
straight\20250616_183638_145517.jpg,0.0100
straight\20250616_183638_302147.jpg,0.0180
straight\20250616_183638_461892.jpg,0.0180
straight\20250616_183638_624111.jpg,0.0180
turn_right\20250616_183638_798030.jpg,0.0300
turn_right\20250616_183638_950554.jpg,0.0420
turn_right\20250616_183639_121143.jpg,0.0540
turn_right\20250616_183639_284151.jpg,0.0540
turn_right\20250616_183639_453990.jpg,0.0540
turn_right\20250616_183639_626216.jpg,0.0540
turn_right\20250616_183639_779462.jpg,0.0540
turn_right\20250616_183639_958727.jpg,0.0540
turn_right\20250616_183640_113083.jpg,0.0540
turn_right\20250616_183640_282912.jpg,0.0540
turn_right\20250616_183640_437364.jpg,0.0540
turn_right\20250616_183640_615615.jpg,0.0540
turn_right\20250616_183640_764601.jpg,0.0540
turn_right\20250616_183640_938886.jpg,0.0540
turn_right\20250616_183641_094802.jpg,0.0540
turn_right\20250616_183641_268960.jpg,0.0540
turn_right\20250616_183641_423269.jpg,0.0540
turn_right\20250616_183641_598218.jpg,0.0540
turn_right\20250616_183641_757095.jpg,0.0540
turn_right\20250616_183641_923505.jpg,0.0540
turn_right\20250616_183642_085929.jpg,0.0540
turn_right\20250616_183642_246321.jpg,0.0540
turn_right\20250616_183642_414387.jpg,0.0540
turn_right\20250616_183642_573403.jpg,0.0540
turn_right\20250616_183642_751064.jpg,0.0540
turn_right\20250616_183642_900949.jpg,0.0540
turn_right\20250616_183643_079455.jpg,0.0360
turn_right\20250616_183643_235015.jpg,0.0360
turn_right\20250616_183643_412611.jpg,0.0360
straight\20250616_183643_571415.jpg,0.0220
straight\20250616_183643_745109.jpg,0.0200
straight\20250616_183643_901258.jpg,0.0040
straight\20250616_183644_078795.jpg,0.0020
straight\20250616_183644_234437.jpg,0.0020
straight\20250616_183644_412103.jpg,0.0020
straight\20250616_183644_577070.jpg,0.0020
straight\20250616_183644_748045.jpg,0.0020
straight\20250616_183644_910187.jpg,-0.0140
straight\20250616_183645_055190.jpg,-0.0200
straight\20250616_183645_227686.jpg,-0.0300
straight\20250616_183645_379948.jpg,-0.0300
straight\20250616_183645_556246.jpg,-0.0300
straight\20250616_183645_708256.jpg,-0.0300
straight\20250616_183645_896832.jpg,-0.0300
turn_left\20250616_183646_044416.jpg,-0.0380
turn_left\20250616_183646_218359.jpg,-0.0460
turn_left\20250616_183646_377785.jpg,-0.0460
turn_left\20250616_183646_547926.jpg,-0.0620
turn_left\20250616_183646_708411.jpg,-0.0680
turn_left\20250616_183646_876913.jpg,-0.0680
turn_left\20250616_183647_033484.jpg,-0.0680
turn_left\20250616_183647_202378.jpg,-0.0840
turn_left\20250616_183647_366605.jpg,-0.0840
turn_left\20250616_183647_527182.jpg,-0.0840
turn_left\20250616_183647_700373.jpg,-0.0840
turn_left\20250616_183647_859285.jpg,-0.0840
turn_left\20250616_183648_034544.jpg,-0.0840
turn_left\20250616_183648_189417.jpg,-0.0840
turn_left\20250616_183648_366546.jpg,-0.0840
turn_left\20250616_183648_520081.jpg,-0.0840
turn_left\20250616_183648_693351.jpg,-0.0840
turn_left\20250616_183648_846944.jpg,-0.0840
turn_left\20250616_183649_016574.jpg,-0.0840
turn_left\20250616_183649_175135.jpg,-0.0840
turn_left\20250616_183649_348120.jpg,-0.0840
turn_left\20250616_183649_504798.jpg,-0.0840
turn_left\20250616_183649_679270.jpg,-0.1000
turn_left\20250616_183649_839039.jpg,-0.1000
turn_left\20250616_183650_006954.jpg,-0.1000
turn_left\20250616_183650_181753.jpg,-0.1000
turn_left\20250616_183650_336390.jpg,-0.1000
turn_left\20250616_183650_515683.jpg,-0.1000
turn_left\20250616_183650_667323.jpg,-0.1000
turn_left\20250616_183650_844332.jpg,-0.1000
turn_left\20250616_183651_005597.jpg,-0.1000
turn_left\20250616_183651_169968.jpg,-0.1000
turn_left\20250616_183651_323180.jpg,-0.1000
turn_left\20250616_183651_495401.jpg,-0.1000
turn_left\20250616_183651_653771.jpg,-0.1000
turn_left\20250616_183651_827333.jpg,-0.0840
turn_left\20250616_183651_984825.jpg,-0.0780
turn_left\20250616_183652_168993.jpg,-0.0680
turn_left\20250616_183652_348229.jpg,-0.0500
turn_left\20250616_183652_500626.jpg,-0.0500
turn_left\20250616_183652_684019.jpg,-0.0400
turn_left\20250616_183652_838110.jpg,-0.0320
turn_left\20250616_183653_014910.jpg,-0.0320
turn_left\20250616_183653_171189.jpg,-0.0320
turn_left\20250616_183653_346543.jpg,-0.0320
turn_left\20250616_183653_497453.jpg,-0.0320
turn_left\20250616_183653_669667.jpg,-0.0320
turn_left\20250616_183653_828469.jpg,-0.0320
straight\20250616_183654_005196.jpg,-0.0200
straight\20250616_183654_155936.jpg,-0.0140
straight\20250616_183654_326426.jpg,-0.0140
straight\20250616_183654_487984.jpg,-0.0140
straight\20250616_183654_653293.jpg,-0.0140
straight\20250616_183654_819002.jpg,-0.0140
straight\20250616_183654_982794.jpg,-0.0140
straight\20250616_183655_157466.jpg,-0.0140
straight\20250616_183655_314253.jpg,-0.0140
straight\20250616_183655_486791.jpg,-0.0140
straight\20250616_183655_641560.jpg,-0.0140
straight\20250616_183655_822397.jpg,-0.0140
straight\20250616_183655_967511.jpg,-0.0140
straight\20250616_183656_145733.jpg,-0.0140
straight\20250616_183656_301807.jpg,-0.0140
straight\20250616_183656_477560.jpg,-0.0140
straight\20250616_183656_632447.jpg,-0.0140
straight\20250616_183656_806641.jpg,-0.0140
straight\20250616_183656_962196.jpg,-0.0140
straight\20250616_183657_130940.jpg,-0.0140
straight\20250616_183657_296371.jpg,-0.0140
straight\20250616_183657_461849.jpg,-0.0240
turn_left\20250616_183657_628336.jpg,-0.0340
turn_left\20250616_183657_791061.jpg,-0.0360
turn_left\20250616_183657_965753.jpg,-0.0360
turn_left\20250616_183658_141421.jpg,-0.0480
turn_left\20250616_183658_306616.jpg,-0.0560
turn_left\20250616_183658_440400.jpg,-0.0700
turn_left\20250616_183658_607277.jpg,-0.0820
turn_left\20250616_183658_758903.jpg,-0.0960
turn_left\20250616_183658_937950.jpg,-0.1060
turn_left\20250616_183659_086905.jpg,-0.1140
turn_left\20250616_183659_266565.jpg,-0.1140
turn_left\20250616_183659_423105.jpg,-0.1140
turn_left\20250616_183659_598079.jpg,-0.1140
turn_left\20250616_183659_757060.jpg,-0.1140
turn_left\20250616_183659_930035.jpg,-0.1140
turn_left\20250616_183700_092590.jpg,-0.1140
turn_left\20250616_183700_265455.jpg,-0.1140
turn_left\20250616_183700_450824.jpg,-0.1140
turn_left\20250616_183700_601979.jpg,-0.1140
turn_left\20250616_183700_780846.jpg,-0.1140
turn_left\20250616_183700_936893.jpg,-0.0960
turn_left\20250616_183701_112356.jpg,-0.0860
turn_left\20250616_183701_267074.jpg,-0.0780
turn_left\20250616_183701_444826.jpg,-0.0660
turn_left\20250616_183701_598561.jpg,-0.0500
turn_left\20250616_183701_770977.jpg,-0.0500
turn_left\20250616_183701_927918.jpg,-0.0500
turn_left\20250616_183702_097720.jpg,-0.0500
turn_left\20250616_183702_254271.jpg,-0.0440
turn_left\20250616_183702_422594.jpg,-0.0320
straight\20250616_183702_588756.jpg,-0.0220
straight\20250616_183702_754976.jpg,-0.0140
straight\20250616_183702_926694.jpg,-0.0140
straight\20250616_183703_089445.jpg,-0.0140
straight\20250616_183703_267924.jpg,-0.0140
straight\20250616_183703_417058.jpg,-0.0140
straight\20250616_183703_595967.jpg,-0.0140
straight\20250616_183703_750184.jpg,-0.0140
straight\20250616_183703_927872.jpg,-0.0140
straight\20250616_183704_078457.jpg,-0.0140
straight\20250616_183704_252847.jpg,-0.0140
straight\20250616_183704_409726.jpg,-0.0140
